GRADUATEYEAR,STUDENTID,กฏหมายพื้นฐานเพื่อคุณภาพชีวิต,การจัดการการดำเนินชีวิต,การตรวจวัดสัญญาณและการดำเนินงานสำหรับอินเทอร์เน็ตของสรรพสิ่ง,การตลาดดิจิทัล,การบริหารการผลิต,การประมวลผลรูปภาพดิจิทัล,การประมวลผลแบบกลุ่มเมฆ,การพัฒนาโปรแกรมประยุกต์บนอุปกรณ์เคลื่อนที่,การพัฒนาโปรแกรมประยุกต์เชิงมัลติมีเดีย,การวิเคราะห์และออกแบบระบบ,การสื่อสารภาษาอังกฤษเพื่อการนำเสนอผลงานด้านเทคโนโลยีคอมพิวเตอร์,การสื่อสารภาษาอังกฤษเพื่อการวิเคราะห์เชิงวิชาการด้านเทคโนโลยีคอมพิวเตอร์,การสื่อสารภาษาอังกฤษเพื่อวัตถุประสงค์ด้านเทคโนโลยีคอมพิวเตอร์,การออกแบบและวิเคราะห์อัลกอริทึม,การเขียนภาษาอังกฤษเพื่อการสื่อสารอย่างมีประสิทธิภาพ,การเขียนโปรแกรมเชิงวัตถุ,การเมือง เศรษฐกิจ  และสังคม,การโปรแกรมบนอินเทอร์เน็ต,คณิตศาสตร์สำหรับวิทยาศาสตร์,คณิตศาสตร์เต็มหน่วยสำหรับวิทยาการคอมพิวเตอร์,คณิตศาสตร์และสถิติในชีวิตประจำวัน,ความมั่นคงปลอดภัยของระบบเครือข่าย,ความรู้พื้นฐานด้านหุ่นยนต์,คอมพิวเตอร์กราฟิกและแอนิเมชัน,คอมพิวเตอร์สารสนเทศขั้นพื้นฐาน,ชีววิทยาเบื้องต้น,ดนตรีวิถีไทยศึกษา,ทักษะชีวิต,ทักษะภาษาไทย,ประชากรและการอนามัยเจริญพันธุ์,ประวัติและพัฒนาการของเทคโนโลยีคอมพิวเตอร์,ประเพณีไทยและศาสนาในไทย,ปรัชญาวิทยาศาสตร์,ปัญญาประดิษฐ์,พลังงานและเทคโนโลยีใกล้ตัว,พีชคณิตเชิงเส้นและการประยุกต์,พื้นฐานทางการเขียนโปรแกรม,ฟิสิกส์เบื้องต้น,ภาพพิมพ์,ภาษา สังคม และวัฒนธรรม,ภาษาอังกฤษพัฒนา,ภาษาอังกฤษพื้นฐาน,ภาษาอังกฤษเชิงวิชาการ,ภาษาโปรแกรม,มนุษย์กับสิ่งแวดล้อม,ระบบฐานข้อมูล,ระบบปฏิบัติการ,วิถีชีวิตในยุคดิจิทัล,วิทยาศาสตร์ข้อมูล,วิธีการเชิงตัวเลข,วิศวกรรมซอฟต์แวร์,สถาปัตยกรรมคอมพิวเตอร์,สถิติวิเคราะห์,สัมมนา,หัวข้อพิเศษทางวิทยาการคอมพิวเตอร์,เคมีทั่วไป,เคมีเบื้องต้น,เครือข่ายคอมพิวเตอร์และการสื่อสารข้อมูล,เทคนิคการทำเหมืองข้อมูล,เทคโนโลยีมัลติมีเดียและเว็บ,เว็บเทคโนโลยี,แคลคูลัส,แคลคูลัสสำหรับวิทยาศาสตร์,โครงสร้างข้อมูล,GPAจบ
2562,100205568,B,,,,,,,,,,,,,D+,,D,C,,,D,,,,,,D,,F,C+,,,,C+,D+,B+,,B+,D,,,C,B+,D+,D,,D,D,,,,,D,F,B,,,D,D+,C,,,D+,,,2.1
2562,100205606,C,B+,,,,,,C+,,,,,,C,,D,,,,B+,C,C+,,,,D+,C,,C,,,,C+,C+,,,B+,F,,,F,D+,D+,D,,F,C,,,,D+,C,,C+,,,D+,D,C,,C,,,,2
2562,100225543,B,,,,,,,,B,,,,,C,,D,,,,D+,C,,,,,D,B+,,C+,,,,C+,D,B,,C+,F,,C+,B+,C+,C+,D,,C,C,,,,D+,D+,,B,C,,D+,D+,,,C,,,D+,2.1
2562,100225553,C,,,,,,,F,B,,,,,D,,C,,,,C,C+,,,,,D+,B,,C,,,,C+,D,C+,,D+,,,C+,B,F,C+,D,,C+,C+,,,,D+,D+,C,B,D,,D+,D+,,,C,,,C,2
2562,100225572,C+,,,,,,,,,,,,,D+,,,,,,C,,,D+,,,B,A,,B+,,,,,D+,B+,,,D+,,,A,A,A,D+,,C+,C,,,,C,D+,D,B,C,,B+,F,C+,,C,,,D+,2.46
2562,100225580,C+,,,,,,,D+,D+,,,,,D+,,C,A,,,C,C,,,,,D+,,,B,,,,C+,D,C+,,C+,F,,C,C,C,C,D,,C,C,,,,C+,D+,,C+,B+,,D+,F,C+,,C,,,C,2.08
2562,100239251,B,,,,,,,,,,,,,C,,D,,,,C+,,,C,,,D,,A,B,A,,C+,C+,C+,B,,C,D+,,B,B+,A,C,D+,B+,B,C,,,,D+,D,D+,A,B+,,D,D+,C+,,C+,D,,D,2.3
2562,100239272,B,,,,,,,A,,,,,,A,,A,B,,,B+,,A,B+,,,C+,,,B,,,,C+,A,B+,,B,C+,,C,A,A,C,B+,B+,A,B+,,,,B+,A,C+,A,A,,C+,B,A,,C+,C+,,B,3.3
2562,100239306,B+,,,,,,,C+,,,,,,C,,C,B,,,C+,,C+,C,,,D+,,,B,,,,B,D+,B+,,C+,D+,,B,A,B+,C,C+,A,B,C,,,,C+,C+,D+,B,C,,C,C,C+,,C+,D,,D,2.4
2562,100239321,B+,,,,,,,C+,,,,,,C,,C,C+,,,B+,,,D+,,,C,A,,C+,,,C+,C,F,B,,C,D+,,C,A,A,C,C,B,C+,C,,,,D+,C+,A,B,,,C+,C,C,,C+,,,D+,2.45
2562,100239333,C+,,,,,,,B+,,,,,,C+,,B+,,,,A,,D+,,,,C+,B,A,C+,,,,B,C+,B,,B,C,,B,B+,A,C,B,B+,B,C,,,,C,A,A,B+,,,C+,D+,C+,,B,C+,,B,2.88
2562,100239381,B+,,,,,,,C,,,,,,C,,C,,,,C+,,,D+,,,D,B,B+,B,,,,C+,D+,B,,C+,D+,,C+,B+,B+,B+,C,B,C,C,,,,C,C+,D,C+,,,D,D+,B,,C+,D,,C+,2.27
2562,100239418,B+,,,,,,,B,,,,,,C,,C,C+,,,B,,,D+,,,C+,,,B+,,,,B,D+,B+,,C+,C,,B,A,A,D+,C,A,B+,C,,,,C+,B,B,A,,,C+,C,C+,,C+,D+,,D+,2.64
2562,100239446,C+,,,,,,,,B,,,,,B,,C+,,,,B+,,,B,,,D,B+,A,B+,,,,C,A,B,,B+,C,,C,A,A,C+,C+,B+,B+,C,,,,D+,C,B+,B+,,,C,C,C+,,C,D+,,C+,2.7
2562,100239462,B+,,,,,,,,B,,,,,D+,,C,C,,,C+,,C,,,,D,B+,,C+,,,,C+,C,B,,C+,D+,,C+,A,A,C+,D,B,D+,C,B+,,,D+,D+,C,B,D+,,D+,D,D+,,D+,,,D,2.18
2562,100239469,B,,,,,,,,B,,,,,A,,C,,,,C+,,,B+,,,D+,B,A,C+,,,C,C+,B,B,,B+,C,,C+,B,B+,D+,B+,B+,B+,C,,,,C+,B,C,B+,,,C+,C,A,,B,D+,,C+,2.75
2562,100239479,B,,,,,,,C,,,,,,C+,,C,B+,,,C+,,,C,,,D+,,,B,,,A,C+,C+,C+,,C+,D+,,C,A,A,C,D+,B+,B,C,,,,C,C,B,C+,,,C,C,B,,B,D+,,D,2.49
2562,100239535,C+,,,,,,,B,,,,,,D+,,C,B+,,,B,,,,,,D,,,B,,,,B+,D,B+,,C+,D,,D+,A,A,C,B,B+,B,C,,,,C+,C+,D,B+,C+,,D+,C,B,,B,D,,D+,2.39
2562,100239556,C+,,,,,,,B+,,,,,,C,,C+,B,,,C,,,B,,,D,,,B,,,,C+,B+,C+,,A,C,,B,A,B,C+,C+,B+,C+,C+,,,,B,D+,D+,B+,C+,,D+,C,B+,,C,F,,C,2.51
2562,100239593,B+,,,,,,,B+,,,,,,F,,A,B,,,B+,,,D,,,D+,,,B+,,,,C,D,B,,A,D,,C+,A,A,C+,C+,A,B,C+,,,,D+,B+,D+,B,D+,,D+,F,C,,B+,F,,A,2.47
2562,100239596,B,,,,,,,,B+,,,,,C+,,B,B,,,C+,,,B,,,D+,A,,C+,,,C,B,B+,B,,B+,C,,C,A,B,C,C+,A,B,C+,,,,C,C,B+,B,,,C,D+,C+,,C+,D+,,D+,2.59
2562,100239598,B+,,,,,,,B,B,,,,,B,,B,,,,B,,,A,,,C,A,A,B,,,,C+,A,B+,,B+,C,,C+,A,A,C+,B+,A,A,C+,,,,B,B+,B,B+,,,C,C,B,,B,D,,C+,3.07
2562,100239606,C+,,,,,,C,,B,,,,,D+,,D,,,,D+,,,,,,D,,A,B,B+,,C+,C+,C,B,,C,D+,,C+,C,C,C,C,B,D,C,,,,D,D+,D,B,,,D,D+,C+,,C+,,,D,2.01
2562,100239620,A,,,,,,,B,,,,,,C,,C+,,,,C+,,,A,,,D+,A,A,C+,,,,C+,B,B,,B,C+,,B,B+,A,C,B,B+,A,C+,,,,C,D+,C+,B+,,,C,C,B+,,C+,D+,,C+,2.8
2562,100239626,B+,,,,,,,,,,,,,C,,C,B,,,B,,,B+,,,D,,,B,A,,C+,C+,C+,C+,,B+,C,,C,C+,C,D,D+,B+,B,C,,,,D+,D+,C,B+,C+,,D+,D+,B,,D+,F,,D+,2.27
2562,100239666,C+,,,,,,,,,,,,,C,,C,B,,,B,,,B,,,D,,,B,A,,C+,C,B,B,,C+,C,,C+,B+,C+,D+,C+,B+,C+,C,,,,D+,D+,A,B+,C+,,C+,C,B+,,C,D+,,C,2.49
2562,100239667,C+,,,,,,,B+,,,,,,C+,,A,,,,C,,D+,B+,,,D,C,B+,B,,,,C+,B,B,,A,D+,,C+,C+,B+,C,C+,B+,B,C,,,,D+,D+,D+,B+,,,C+,C,C+,,B,C,,D,2.44
2562,100239668,B,,,,,,,B+,,,,,,C,,C+,,,,C,,A,B+,,,D+,,A,B,,,,C+,C,B+,,C+,,,C+,B,A,C+,B+,B+,B,C,,,,C,D+,D+,A,,,D+,C,B,,C+,,,D,2.52
2562,100239684,C,,,,,,,,,,,,,C+,,C,B+,,,B+,,A,B,,,D,B+,,C+,,,B,C+,B,B,,C+,C+,,C+,B,B+,C,C+,B+,B+,C,,,,D+,C,C+,A,,,C,C,C+,,B,A,,D+,2.67
2562,100239696,C+,,,,,,,,B,,,,,D,,D,C,,,C,,C+,,,,D,,,B,A,,,C+,B+,B,,C,F,,C+,B+,B,B,D+,C+,D+,C,B+,,,D+,D,D,B+,C,,D,C,C+,,C+,,,D,2.14
2562,100239699,B,,,,,,,A,,,,,,B,,A,B+,,,B+,,C,C,,,C,,,B,,,,C+,B,B+,,A,D+,,C+,A,A,C+,B+,B+,A,C,,,,B+,A,B,C+,C+,,C,C,C+,,C,D+,,D+,2.88
2562,100239728,C+,,,,,,,,B,,,,,C,,D,C+,,,D+,,B,,,,D+,A,,B,A,,,C,C,C+,,C+,D,,C+,B+,B+,B,C,C+,C,C,,,,D+,D,D+,B,C+,,C,C,C+,,B,,,D,2.31
2562,100239743,C+,,,,,,,C+,,,,,,C,,D,C+,,,C,,,C,,,D,B+,,C+,,,,C+,C+,C+,,C,D+,,C+,A,B+,C,B,B+,C+,C,,,,D+,C+,D+,A,,,D,D,B,,C+,,,C+,2.18
2562,100239751,A,,,,,,,A,B+,,,,,A,,A,,,,A,,,B+,,,A,A,A,B+,,,,B,A,A,,A,A,,B,A,A,A,A,A,B+,B+,,,,A,A,A,A,A,,B+,B+,B,,A,B,,A,3.79
2562,100239765,B,,,,,,,,A,,,,,A,,B+,,,,B+,,,A,,,C,B,B+,B+,,,B,B,B,A,,B,B,,C+,B,B,C,B,B,C+,C,,,,C+,B+,A,B,,,C+,C,A,,B+,B,,D+,3.04
2562,100239799,C+,,,,,,,C+,B,,,,,C,,C+,,,,B,,,,,,B,A,A,B,A,,B,C+,B,A,,B+,C+,,C,B+,C,D,C,A,A,C,,,,D+,C+,B+,B+,,,C+,C,C,,C+,C+,,C,2.78
2562,100239815,B,,,,,,,B,,,,,,C,,D,,,,C,,,C+,,,D+,B+,A,B,,,,C+,B+,B+,,C+,C,,B,A,B+,C,C,B+,B+,C,,,,B+,D,C,A,,,C,C,C+,,C,D+,,D,2.58
2562,100239854,B,,,,,,,C+,,,,,,C,,C,,,,C+,,,D+,,,D,A,C+,B,,,C+,C+,C,B,,C+,D+,,C+,B+,B+,B,B,B,C+,C,,,,C+,D+,D+,A,,,D+,C,C+,,C+,,,D+,2.36
2562,100239887,B,,,,,,,A,,,,,,A,,A,B+,,,A,,,A,,,B,,,B+,,,,C+,A,B+,,A,B+,,C+,A,A,A,A,A,A,A,,,,A,A,A,A,A,,B,A,A,,A,A,,A,3.78
2562,100239895,B,,,,,,,C+,,,,,,C+,,C,C,,,B,,B,B+,,,D,,,C+,,,,C+,D+,B,,C+,D+,,C,B,C+,C,B,B+,D+,D+,,,,C+,B+,C+,B,,,D+,C,C+,,C,D+,,C+,2.29
2562,100239902,B+,,,,,,,B,,,,,,C,,B+,C+,,,C+,,,,,,D+,,,C+,,,,C+,B,B,,C+,D+,,D+,B+,B,C,B,C+,C,A,,,,B+,C+,D+,B,B,,C,C,A,,B,D+,,C+,2.55
2562,100239914,D+,,,,,,,C,,,,,,C,,C,,,,B,,,C+,,,D,B,A,C+,B+,,,C+,C+,B,,C+,C,,B+,A,C,D+,B,B+,D+,C,,,,C,C,C+,A,,,C,C,B,,C,D,,D,2.28
2562,100239934,B,,,,,,,A,,,,,,C+,,B+,B,,,C+,,D,,,,D,,,B,,,,C+,D+,B,,A,D+,,C+,B+,C+,D+,B,B+,C+,C+,,,,C+,B,C,B,,,C,C,C,,C+,D+,,C,2.39
2562,100240018,C+,,,,,,,,B,,,,,C,,C,,,,C,,,B+,,,D,,A,B,,,C+,C+,D+,B+,,C+,D,,B,D+,C+,B,C+,B+,D,C,,,,D+,C,C,B,,,D+,D+,C+,,C+,,,D,2.19
2562,100240030,B+,,,,,,,A,,,,,,A,,A,C,,,B+,,,A,,,D+,,,B+,,,,C+,B+,B,,B+,C,,C+,A,A,C+,B+,A,B+,C,,,,B+,A,C+,B+,A,,C,C,B,,B+,C+,,C,3.08
2562,100240059,A,,,,,,,B+,,,,,,B+,,A,,,,B+,,,B,,,C+,A,A,B+,A,,,C+,B+,A,,A,C+,,B,A,B+,C+,B,A,B+,C+,,,,B,A,B,A,C+,,C+,C,C+,,B+,C+,,A,3.25
2562,100240060,C+,,,,,,,C,,,,,,D,,B+,C,,,B,,,C,,,D+,A,,B,,,C,C+,C,B,,C+,D+,,C,A,A,B,C,B+,C,C,,,,D+,B,B+,B,,,D+,D+,C+,,C,,,D,2.36
2562,100240078,C+,,,,,,,C+,C+,,,,,B,,C,A,,,B,,,C,,,C,,,B,,,,C+,B,B+,,C+,C,,C+,C+,C,D,D+,B+,C+,C,,,,C+,B,D+,A,B+,,C,D+,C+,,D+,,,C+,2.38
2562,100240098,C,,,,,,,,B+,,,,,C,,D,,,,B,,,B+,,,D+,C,C+,B,,,B,C,D+,B+,,C,D+,,C+,A,B+,B+,C+,B,D,C,,,,C,C,C,B+,,,D+,C,C+,,C,,,D+,2.32
2562,100240108,C+,,,,,,,,B+,,,,,C,,C,,,,B,,,A,,,D+,B+,B+,C+,,,C+,C,C,C,,C,D+,,C+,B,C+,C,C,B,D+,C+,,,,D,C+,C,B+,,,D+,C,C+,,C+,,,D+,2.28
2563,100239308,C,,,,,,,C,B+,,,,,D,,,D+,,,,,,D,,,D,A,,C+,,,,C+,D+,B+,,C,D,,C+,A,B+,C,C,B+,C+,C,,,,D,,,B,,,D,D,C+,,C+,,,C+,2.14
2563,100239325,B,,,,,,,,,,,,,C,,C,D+,,,C,,,,,,D,B,,B,A,,C+,C+,C,B,,C+,D+,,D+,B+,C,C,D+,A,C,C,,,,D+,D,D,B+,D+,,D,D+,B,,D+,,,D,2.01
2563,100239473,C+,,,,,,,,B+,,,,,D,,D,,,,D+,,,,,,D,B+,B,C+,,,,C+,D,B,,C+,D,,C+,B,C+,C,C,B,D+,C,,,D,D+,D+,D,C+,,,,D,D+,,C,,,D,2
2563,100239505,B+,,,,,,,B,B+,,,,,C,,C,,,,C,,A,,,,D+,B,A,C+,,,,C+,C+,B+,,B,D+,,C,A,A,C,C,B,B+,C,,,,D,B,C,A,,,C,C,C+,,B+,F,,D+,2.6
2563,100239827,C,,,,,,D+,,B,,,,,D+,,F,,,,C,,,,,,,A,B,C+,C+,,C+,C,D,C+,,D+,F,,C+,A,D+,B+,C,B,F,C,,,D,D,D+,,C+,,,D,D,C+,,C,,,D,2
2563,100239844,C+,,,,,,,,B,,,,,C,,D,,,,C,,,,,,D,B,D+,B,,,,C,C+,B,,C+,D+,,F,C,B,C,B,B+,B+,C+,,,,D+,D+,D,C,C,,D,D,C+,,C,F,,D,2.17
2563,100239990,C,,,,,,,,B,,,,,D,,C,D+,,,C+,,,,,,D,,B+,C+,A,,C+,C,D+,B,,D+,D+,,C,B,B,D+,C,B+,D+,C,,,,C,C,D+,C+,C+,,D,F,C+,,C+,F,,D,2.15
2563,100248951,,A,,,,D+,B,B,A,C+,A,D+,C+,C,,B+,,D+,D,D,,C+,,C+,B+,D,,,C+,,A,,,C+,,C,B,,,,B+,B,C,,,D,B+,B+,,,B,C+,D,A,,D,,D+,C,,,,D,C,2.41
2563,100248958,A,,C,,,C,,C,B,B+,C+,D+,C+,B,,C+,C+,C+,C,C+,,,B,,C+,D,B+,,C,,B+,,,C+,,C+,A,,,,C,C,C,,B+,B+,B,C+,D+,C+,B,B+,D,B+,,D,,C,B,,,,D,C,2.49
2563,100248986,A,,B,,,,B+,,,C+,B,C+,B,B+,,B,B,B,F,B,,,C+,,B+,D,,,B,,B+,B,,B,A,B,B,,,B+,C+,C+,C,,,B+,B,A,B,C,B+,C+,D+,A,,D+,,C,C+,,,,D+,C,2.84
2563,100249007,,,,,,,B,D,B,B,C+,C+,C+,D+,,A,C+,B,B,B+,,C+,,B+,C+,D,,,C,,A,,,C,B+,B,A,,,C+,B,C+,C,,,C,B,C+,D+,C+,B,C,D,B,,D,,C,B,,,,D,C,2.49
2563,100249020,,,A,,,A,A,,A,A,A,A,A,B,,A,B,B+,C,A,,A,A,,B,D+,,,C+,,A,,,A,A,A,A,,,B,A,A,A,,,B,B+,B+,,A,A,B+,C+,B+,,D+,,A,B+,,,,D+,B,3.45
2563,100249022,,A,B,,,A,,C+,B+,A,B,C+,B,C,,C+,,A,D+,C,C+,,B,,C+,D+,,A,C+,,A,,,C+,,B,C+,,,C+,B,C+,C+,,,B+,B+,B+,C+,C+,A,B,D,A,,D,,C,C+,,,,D+,D+,2.71
2563,100249048,,A,B+,,,B,,D+,B,B+,A,C+,B,C+,,B,,A,D,C+,,,C,,C,D+,,A,B,,A,,,A,,B,A,,,B+,B,B,C,,,B,B+,B,C+,B,B,C,D,A,,D+,,D,C,,,,C,D+,2.73
2563,100249055,,,C+,,,B,,,C+,C+,B,C,C,C,,C,,D,D,D,,,C,,D+,F,,A,C,,C+,,,C+,B+,,A,,,C+,D+,C+,C,,,C,C+,C+,C,D,C,C+,D,A,,D,,F,C,,,,,D+,2.1
2563,100249069,,,A,,,B,,,,C+,B,C+,C,C+,,B,,C+,,C+,,,B,,C+,F,,,C,,A,C+,,D+,B+,C,B+,,,D+,D+,D+,C,,,A,C+,C+,B,D,C+,C+,D,C+,,D,,D+,C,,,,C,C,2.38
2563,100249075,,,C+,,,B+,B,,,D+,C+,D+,D+,C,,C+,B,B,D+,C,,,C,,C+,F,,,C,,A,C+,,B,A,B,B+,,,B,C,C,D+,,,B,C,A,B,C,C+,C,D,B+,,D,,D+,B,,,,D+,D,2.39
2563,100249085,,A,A,,,A,,A,A,A,A,A,A,B,,A,,A,C+,B+,,,A,,A,C,,A,B,,A,,,A,,A,A,,,C+,A,A,A,,,A,A,A,A,A,A,A,C,A,,C,,C,B+,,,,C,C,3.53
2563,100249097,A,,B,,,,C+,,B,B,B+,C,C+,B,,C+,,B,C+,B,,,B,,C+,D,,,C,,B+,B+,,B,,B+,B+,,,B,D+,C,C,,,B+,B,C+,B+,B+,B+,C+,C+,B+,,D+,,C,B,,,,C,C,2.73
2563,100249098,,A,,,,,C,C+,B+,C+,B+,C+,B,C,,C,,C,D,D+,,B,,C+,C,D+,,,C,,A,C+,,C+,,C,C+,,,,B,B,C,,,C,C+,B+,,D+,B,C+,F,A,,D,,D,C+,,,,D,D,2.28
2563,100249141,,A,B+,,,A,A,A,A,A,A,B+,B,B+,,A,,A,B,B+,,,A,,A,D,,,B,,A,,,A,,A,A,,,,A,B+,C+,,,A,C+,A,,B+,B,A,C+,A,,D,,C+,C,,,,C+,A,3.43
2563,100249160,,A,A,,,A,,C,A,B,B+,A,B+,C,,C+,,A,F,C+,,,C+,,B,D+,,A,C+,,A,,,A,,B,B,,,B,A,B+,B,,,B,C+,A,B+,C,B+,A,D,A,,D,,C,B,,,,D+,C,2.94
2563,100249183,,,A,,,B,B,,,B,B+,B,D+,B,,A,C+,C+,C+,C+,,,B+,,C,D,C+,B+,C,,A,,,B,C+,B+,B+,,,,C,C+,B+,,,A,C+,B,A,D+,C+,C+,C,B+,,D,,C,C+,,,,D+,C+,2.72
2563,100249194,,,,,,,A,B,B+,B+,B+,B,C,C+,,B,C+,C+,D+,C+,,B,,B+,C+,D,,,C+,,B+,,,B,A,B,B,,,C+,C+,C,B,,,B,B,A,C+,B,B,C+,D,B+,,D,,C,C+,,,,D+,C,2.65
2563,100249208,,A,C+,,,,C,D+,B+,C,C,D,D,C,,D,,C,D,D,,,C,,C,D,,,D+,,B+,C+,,D+,,C,C,,,,C,C,D,,,B+,C+,B,,D,C+,C,D,C+,,D,,D+,C+,,,,D+,D+,2
2563,100249213,,A,C+,,,C+,C,C,A,C+,C+,B,D+,C,,C,,D+,D+,D+,,,D+,,C,D,,,C,,A,,,C,,C+,C,,,,C,C,D+,,,B,C+,B,,C,B,C,D+,B+,,D,,D,B+,,,,D,D,2.17
2563,100249214,,A,,,,B+,,B,A,B,A,C+,C,C+,,B,,A,C,C+,,,,A,B+,C,,,C+,,A,,,B+,,B,C+,,,,C+,B,C+,,,A,C,A,,B+,A,B,C,B+,,C,,C,C+,,,,C+,C+,3.08
2563,100249235,,B+,B,,,B,B,B+,B+,B+,B,C+,D+,C+,,B+,,A,B,B,,,C+,,C,D+,,,C,,A,,,B,,B+,B+,,,,C,C,D+,,,A,C,C+,,C+,B,B,D+,B+,,D,,C,B,,,,C,C,2.75
2563,100249262,,A,,,,,B+,B,B+,C+,A,A,B+,C,,A,,C+,C,C,,B,,C+,B,C,,,C,,B+,,,B,A,C+,A,,,C+,B,B,C+,,,B+,C+,A,B,D,B,B,D,B,,D,,C,C+,,,,D,C,2.71
2563,100249265,,A,B+,,,A,,A,B+,A,A,C+,B,C+,,B+,,B,C+,B+,A,,B+,,C+,C,,A,B,,A,,,A,,A,A,,,C+,B,C+,C+,,,A,B+,B+,B+,B,A,B+,D+,A,,D+,,C,B,,,,D+,C,3.13
2563,100249268,,A,B+,,,B+,,C,B+,B,B+,B,C+,C,,C+,,C+,F,C+,,,B,,C,D,,A,C+,,A,,,B,,B,B+,,,B,B,B,C+,,,C+,C+,B,C+,,B+,B,D,A,,D,,D+,B,,,,D+,D+,2.66
2563,100249276,,A,C+,,,,C+,D,,B,C+,D+,C,C,,B,,D+,C,C+,,,C,,C+,C,A,A,C+,,B+,,,B,,A,B,,,,C,C,C,,,B+,C,B,C,D+,C+,C+,C,B+,,D,,C,B,,,,C,D+,2.52
2563,100249281,,,,,,,C,D+,C,C+,C+,B,C,C,,C,C+,C,D+,D,,C+,,B+,C,D+,C+,B+,C+,,B+,,,C,C,C,C+,,,,B,B,C,,,D,C,A,,,C,D+,D,B+,,,,D,C+,,,,D+,D+,2.15
2563,100249287,,A,B+,,,B,,A,B+,B,B+,C+,D+,B,,A,,C+,A,A,,,A,,C+,D,B,,C,,B,,,B+,A,A,A,,,,C,C,C,,,C,C+,B,B,B+,B,A,C+,A,,D+,,C,C+,,,,A,B+,3.08
2563,100249313,A,,C,,,,B,,,B,A,C+,B,C,,C,B,C+,D,D+,,,C+,,C+,D,B+,,C+,,B+,C+,,B,,C+,C,,,,C+,B,C,,,B+,C+,B,C,C+,B,B,D,A,,D,,D+,C+,,,,D,D,2.44
2563,100249317,,A,,,,,,C+,B,C+,B,C+,C,C+,,A,,C,C+,C+,,C+,,B,C+,D+,,A,B,,B+,,,C+,A,A,B+,,,C+,B,B,D+,,,F,C+,B+,C,D,B+,B+,D,C+,,D,,C,A,,,,D+,D+,2.72
2563,100249340,,B+,C+,,,,C,D,,B,C+,D,C,C,,C,,D+,F,B+,,,C,,C,D,B,A,C,,B,,,B+,,B,C,,,,D+,D+,C,,,C,C+,C+,C,C+,C,C,C,B+,,D,,C,C+,,,,C+,D,2.34
2563,100249355,,,B,,,,C+,C+,,B,A,A,A,B,,A,B+,C+,D+,C,,,B+,,C+,C,B,B,C+,,A,,,C,A,C+,A,,,,A,A,A,,,B+,A,B,C+,D,C+,D+,D+,A,,D,,C,B,,,,D+,C,2.81
2563,100249378,,A,B+,,,C,C,,B+,C+,C+,C+,C+,C,,C,,B+,D,D+,C,,C+,,B+,D+,,A,C,,A,,,C+,,C+,B,,,B,C,C,C,,,A,C+,B+,B,,B+,C,D,A,,D,,C,C,,,,D+,C,2.5
2563,100249382,,A,,,,,C+,C,B+,C+,C+,D+,D+,D+,,C,,C,D+,D,,C+,,C+,C+,D,,,C,,B+,C,,C,,C,D+,,,,C,C,D+,,,D+,C,B,,D,C,C,D,B+,,D,,D,C,,,,D+,D+,2.07
2563,100249400,,A,A,,,A,,A,A,A,A,B,B,B,,A,,B,B,A,,,B+,,B+,D+,,A,C+,,A,,,A,,A,A,,,B,B,B+,C+,,,A,B+,B+,A,A,A,A,C,A,,C,,C,C+,,,,C+,B,3.39
2563,100249405,,,B+,,,B,,C,B+,D+,A,B+,B+,C+,,C+,A,C+,C,C+,A,,A,,C,D+,,A,C,,B+,,,C+,,B+,C+,,,C,B,B,B,,,B,C+,B,B,C,B,C,D,A,,D,,C,B,,,,B,D+,2.63
2563,100249406,,,B+,,,B+,B,B,,C,B,B,C,C,,A,,C+,D,C+,,,B,,C+,D,C+,A,C+,,B+,,,B+,,C+,B+,,,,C+,C,C,,,B,B+,B+,,D,B,C+,D,A,,D,,D+,C,,,,F,C+,2.58
2563,100249415,,,B,,,,C,C+,B,B,C+,D+,D,C,,C,,C,D+,D,,,C+,,C,D+,,,F,,C,C+,,D+,,,B+,,,C+,C,F,D+,,,D,C,C+,,C,C+,C,D+,C+,,D,,D+,B,,,,F,D+,2.1
2563,100249416,,A,B,,,,B+,C+,A,C+,B,C+,D+,C,,A,,B,D+,C+,,,B,,C+,D+,B+,,C+,,A,C,,B,A,B+,B+,,,,C,C,C,,,B,C+,A,,C,C+,B,D,A,,D,,C,C+,,,,F,C,2.68
2563,100249428,A,,C,,,,B,,B,C+,B+,D+,C+,C,,C+,,D+,D,C,,,B+,,B,D+,,,C+,,A,,,C,,C+,C,,,B,C+,C+,C+,,,B,C,B,C,D,C+,C+,F,B+,,D+,,C,B,,,,F,D+,2.4
2563,100249434,,A,C,,,,B+,D+,A,B,C+,C,B+,C,,B,,C,D,D+,,B,C+,,B,D,C+,,C,,B+,,,B,A,D+,B,,,,B+,C+,B,,,D,C,C+,,,B,C+,F,B,,D,,C,C+,,,,F,C,2.39
2563,100249461,A,,C+,,,A,,B,B,C+,B,B,B,C,,B+,,C,D+,B,,,A,,C,D+,,,C,,A,,,B+,,C,A,,,C+,C,C,C,,A,A,C,A,B+,C,B,C+,D,A,,D,,C,C+,,,,D+,C,2.65
2563,100249463,,,B+,,,B+,C+,,B+,C+,B+,B,B,B,,C+,B+,C,D+,C+,C+,,B,,C,C,,A,C+,,A,,,C+,,C+,A,,,B,B,D+,B,,,D,C,B,C+,,B,C,F,A,,D,,C,C+,,,,D+,D+,2.59
2563,100249498,,,C+,,,B,B+,,,C,B,B,C+,C,,C,C+,B,D+,D,,,C+,,C,D,,A,C,,B+,C+,,C+,A,,C,,,,C,D+,C,,,D+,C,B,B,D,C+,C,D,B+,,D,,D+,B,,,,,D,2.17
2563,100249499,,,C+,,,,B+,,,C,B+,C+,B,C+,,C+,B+,C+,C,C,,,C+,,C,D,B+,A,B,,A,B,,D+,,C+,C+,,,,C+,B,B,,,C,C,C+,D+,D+,B,C+,D+,B,,D+,,D+,C,,,,C,D,2.45
2563,100249506,,,C+,,,,B+,D+,A,C,C,C,C,C+,,B,,D+,F,C,,,B,,B,D,C+,A,C,,A,A,,C+,A,C+,B,,,,C,C,C,,,A,C,B+,,D+,C+,C,D+,A,,D,,D+,C,,,,F,C,2.46
2563,100249518,,A,C,,,C,,D+,B,C,C,C+,C,C,,B+,,D+,D+,C,,,B+,,C+,D,B+,,C+,,B+,,,D+,B+,B,A,,,,C+,D+,C,,,D,C+,B+,C,D+,C+,C+,D,A,,D,,D,C+,,,,D+,C,2.31
2564,100215265,,,,,,,,C,,,,,,D,,D+,C+,C,,B,C+,,,,,F,,,C,,,,C+,F,D+,,B,D+,,C,C+,B+,B+,D,,D,D,,,,C+,C+,D,B,C+,,D+,D,,,,,,,2.01
2564,100239685,B+,,,,,,,C+,B+,,,,,B,,C,,,,B,,,B+,,,C,B+,A,B+,A,,C+,B+,C+,A,,C+,D,,C+,A,A,C,B,A,B+,B,,,,C,C+,D+,C+,,,C,D+,A,,B+,F,,C+,2.82
2564,100239901,C,,,,,,,C,B,,,,,D,,F,,,,D+,,,,,,D,B,B+,B,C+,,C,C,D,C+,,C,D+,,C,B,D+,C,B,B+,D,C,,,D,C,D+,,D+,,,,D,D+,,D+,,,D,2.03
2564,100248988,,,C+,,,C,,,B,C,B+,B,D+,C,,C,,C,D,C,,,B,,C,D,,A,C,,A,,,C+,B,,B,,,B,C,C+,C,,,D+,C+,C+,C+,D+,C,C,D,A,,D,,F,C,,,,,D+,2.12
2564,100248992,,A,C+,,,D,,D,B+,C,C+,C+,C+,D+,,C+,,C+,F,D,,,C,,C,D,B+,,C,,B+,,,D,A,C,B+,,,,C,C,C,,,D,C+,B+,C,D,C,C,F,A,,D,,D+,C,,,,F,D,2.09
2564,100249009,,,,,,,C+,D,C+,C,D+,C,C+,D+,,C+,C,C,C,C,,,,C,C,D,,,C+,,B+,,,D+,B,C+,C+,,,C+,C,C,D+,,,D,C+,B+,D+,D+,C,C,D,B+,,D,,D,C+,,,,D,D,2
2564,100249056,,,B,,,,C,D+,D+,D,B,C+,D+,D,,B,,D,D+,D,,,D,,C,F,,,C+,,A,,,D+,C+,D,A,,,B,B+,A,B,,,F,B,A,F,,C,C,F,B,,F,,D,,,,,F,C,2.03
2564,100249112,,,,,,C,,,B,D+,C,D+,C,D+,,D,,D,D,D+,,B,,C+,C,D,,,C,,A,,,D+,A,C,B,,,C+,C,C+,C,,,C,C+,B+,C,D,C,C+,D,C,,D,,D,C,,,,D,D,2.03
2564,100249157,,,,,,B,,,B,C,B+,C+,C,D+,,C,,D,,C,,B,,B+,B,D,,A,C+,,B,,,D+,A,C,D+,,,C,C,D+,C,,,B+,C,C+,C,D,C+,C+,D,B+,,D,,F,C,,,,C,D+,2.2
2564,100249331,,,,,,,B,,B,D+,C,D,C,C,,D+,B,C,F,D,,,,B,C,D+,,,C+,,A,,,C,,C+,C,,,C+,C,C,C,,,C,C+,B,C,D,B+,C,,B+,,D,,F,C,,,,F,D,2.19
2564,100249419,,A,B+,,,,C+,,C+,C,B+,C+,C+,D+,,C,,B,D,D,,,C+,B,C,F,B,,C,,B+,C,,D+,A,B,C+,,,,C,C,C,,,C,C,B+,,D,C,C,D,C+,,D,,D+,C+,,,,F,D,2.16
2564,100249457,,,C+,,,C,B+,,,C+,D,D+,D+,C,,D,,C,D+,D,,,D,,C,D,,B+,C,,A,,,D,,C,C,,,C+,C,C,C,,B,D,C+,C,D,,C+,D+,F,B,,D,,D,C,,,,D+,D,2.03
2564,100249527,,,,,,,C+,,,D+,C,C+,D+,C+,,B,C+,B,D,C+,,C,,C+,C,D+,B,A,C+,,A,,,C+,A,C,B,,,,C,C,C,,,B,B,B,C,D,C+,D+,F,B,,D,,D+,C+,,,,D+,D,2.27
2564,100260652,,A,,,,,,,,C,C+,C,C+,C+,,B,A,C,C+,C,B,,,B+,C,C,A,,C+,,A,,,C+,,C+,B,,,,C,C,B+,,,C+,D+,,C,C+,C,C+,D+,A,,D+,,C,C,C,,,D+,D+,2.55
2564,100260653,,,C+,,,C,,,,C,B+,B,C,B+,,A,C+,C+,C,C,,D+,,,C+,D+,B,,C+,,B+,C+,,D,,C+,A,,,,C+,C+,B+,,A,C+,C,,,C+,C+,C+,C,C+,,C,,D+,C+,B+,,,C+,D+,2.49
2564,100260658,,,,,,B+,,,,C+,C+,C+,C,C+,,C,B,A,C,D+,,,,A,C+,D+,A,,B,,A,,,C,,C,C+,,,,C,C,B+,,,B,C+,,C+,D,B,C,D+,A,,D+,,D+,C+,C+,,,D+,D,2.54
2564,100260661,,,C+,,,B,,C+,,C+,C+,B+,C,B,,B,B,A,D,D+,,C+,,,C+,D,C+,A,C,,B+,C+,,D+,,C+,C,,,,C,C,B+,,,B,C+,,,D,C+,C+,D+,B,,D+,,C+,C+,B,,,,C+,2.42
2564,100260662,,A,C+,,,B+,,B,,C+,C+,C,C,C+,,B+,B,A,A,B,,,,,B,D+,B,,B,,A,,,C+,,B,A,,,,C,C,B,,,C+,C,,,C+,C+,B,,B+,,D+,,C,C+,A,,,C,C+,2.92
2564,100260667,,,A,,,A,,A,,C+,A,A,A,A,,A,A,A,C,C+,,B+,,,B,C,A,A,C,,A,C+,,B+,,A,A,,,,A,A,A,,,A,A,,,A,B+,A,B,A,,C,,A,C+,A,,,D+,B,3.4
2564,100260678,,,B,,,C+,,,,B+,B,C+,C,C+,,C,B+,A,D+,C,,D+,,,C+,D,B+,A,C+,,A,,,C+,,C+,C,,,,C,C,B,,,B,C,,,D,B,C,D+,B,,C,,D,C+,C,,,D,C,2.46
2564,100260684,C+,A,C,,,C,,,,C,B+,A,B+,D+,,D+,,C+,D,D,,F,,,C+,D,B,,C,,A,,,D+,,D+,C,,,,C+,B,B,,,B,C,,,D,C,C,D,A,C+,D+,,D,C,B,,,,D+,2.15
2564,100260689,C,,B,,,,,,,D+,D+,C+,C+,C,,B+,C+,B,C,D,,D,,,B+,D+,C+,,C,,A,C,,D+,,C+,A,,A,,C+,C,C,,,D+,C,,,D,C,C,D,A,,D,,D,C,C+,,,D,C+,2.1
2564,100260700,,,,,,C,,,,C,A,A,A,C+,,A,A,C+,C,D+,,D+,,B+,C+,C,B+,,B,,A,C+,,D+,,B,A,,,,B,B,A,,,B,C+,,,D,C,C+,D,B,,D+,,C,C,A,,,,C+,2.7
2564,100260701,,,,,,,,D+,,C+,B,C,B,C,,C+,,C+,D+,C,,B,,A,B,C+,A,,C+,,B+,C+,,D+,,C+,B,,,,C+,C+,B+,,,C+,C,,,D+,C,C,D+,B+,,D+,,C,C+,B,,,,D+,2.52
2564,100260717,,,B,,,,,D+,,C,C+,C+,C,C,,C+,B,B,D,D,,,,C+,C,D+,C+,,C,B+,B+,,,C,,C,D+,,A,,C,C,C+,,,C+,C,,,,C,C+,F,A,,C,,D+,,C,,,D,D,2.18
2564,100260731,,A,,,,,,B+,,D+,B,B+,B,C+,,A,,D+,B,D,,,B,,B,D+,B,,C,B+,B+,,,C,,C+,A,,A,,B+,B,B+,,,B,C,,,F,C,C+,D+,B,,D,,D,C,A,,,C+,C+,2.65
2564,100260747,,A,,,,,,,,C+,B+,B+,C+,B,,B+,,C,C,C,C+,,,B,B,D+,A,A,C+,,A,,,C,,B,B+,,,,B,B,A,,,B,C,,C+,D+,C,B,C,A,,D,,C,C+,B,,,D+,C,2.71
2564,100260763,,,B+,,,C+,,,,C,B,A,A,B,,C,,C,D+,D+,,B,,,B,C,B,,C,,A,C+,,D+,,C+,A,,,,C,B+,B+,,A,C+,C,,,D,C+,C+,D+,B+,,C,,C,C,C,,,C,D+,2.43
2564,100260771,,,B,,,A,,A,,C,B+,B+,B+,C,,A,,C,D,D+,,,,,C+,D,B+,,C+,B+,A,,,C,,C+,A,,,,C,C+,A,,,B,C+,,,D+,B,C+,D,A,,D,,D+,C,B+,,,,D+,2.61
2564,100260773,,B+,,,,,,,,C,C+,D+,C,D+,,C,,C,D+,D+,C+,,,C,C+,C+,A,A,C+,,A,,,D+,,C,B+,,,,C,C+,A,,,C+,C,,C,D+,C,C+,D,B+,,D+,,F,C,C,,,D+,D+,2.3
2564,100260774,,,B+,,,A,,A,,C+,B+,B+,B+,A,,A,C+,A,D+,C+,,B,,,B,D+,A,A,C+,,A,C+,,C+,,B+,A,,,,B,B,A,,,B+,C+,,,A,A,A,B+,B,,D,,C+,C+,A,,,,A,3.13
2564,100260780,,,C,,,C,,,,C,B+,B,B+,C+,,B,C+,C+,C,D+,,C,,,C+,D+,B,,C,,A,C+,,D+,,B,C+,,,,C+,B,B+,,,B,C,,,B,B,C+,C,B,,C,,C,C,C+,,,D+,D+,2.42
2564,100260798,,,B,,,D,,D,,D+,C+,C+,B,D+,,C,C,C,,D,,,,,C,D,C,,C,A,A,,,D,,D+,B,,A,,C,C,B+,,,C+,C,,D+,,C,D+,D,B+,,D,,F,,C,,,,D,2.11
2564,100260799,,,,,,,,C,,C+,B+,C,B,C,,B,,B,F,C,,C,,B,C+,D+,B,,C,,A,C+,,D,,C,C,,,,C+,C,A,,,C+,C+,,,D,B,C,D+,A,,D,,D+,C,C+,,,,D,2.38
2564,100260827,B+,A,B,,,,,,,B+,B+,A,A,B+,,A,,C+,B,C+,,C,,B,B+,D+,A,,C+,,A,,,C,,C+,A,,,,B,B+,A,,,B+,C,,,C,B,B+,C,A,,C,,C,,B+,,,,C,3.03
2564,100260842,,,,,,,,,,C,B+,B,B+,D,,A,D+,B,B+,C,,,,C+,B,D+,B+,,C,,A,,,B,,C+,B+,,,,B,C+,A,,,C+,C,,D,D,C,D+,D+,A,,D,,D,C+,D+,,,C,D+,2.33
2564,100260844,,A,,,,C+,,C,,A,B,D+,C+,B,,C,B+,C+,C,D+,,,,B+,C,D+,B+,,C,,A,,,D+,,C,C+,,,,C,C,B,,,B,D+,A,,D,B,C,D+,C+,,D+,,F,C+,B,,,D,D,2.42
2564,100260850,,A,C+,,,C,,,,C,B,B+,B,C,,D+,,C,D,,,D+,,,C,D+,B,,D+,,B,,,C,,D+,C,,,,C+,C,C+,,A,C,C,,,D,C,C,C,B,,C,,D+,C,C,,,,D,2.14
2564,100260860,,A,B,,,B+,,C+,,C+,B+,B+,B,B,,C,,C+,D+,C,,,,,C+,D,B,,D,,B+,,,B,,C,B,,,,C+,C+,A,,,C+,C+,,,D+,B+,B,D+,B+,,D+,,C,C+,C,,,,C,2.55
2564,100260864,,,B+,,,,,C+,,C+,D+,C+,B+,B+,,A,,C,B,C+,,B+,,,B+,C,B+,,C+,,A,,,C+,B+,A,A,,,,C,C,C+,,,B+,C,,B,A,C+,A,C+,A,,C+,,C+,B+,A,,,B,A,3.1
2564,100260885,,,C+,,,,,B+,,B+,C+,A,A,D,,A,C+,B,C,C,,,B,,B+,C,B+,,B,,B+,,,D+,,C+,A,,,,A,B+,A,,A,C,C+,,,D,B+,B,D+,B+,,D+,,C,,A,,,,B+,2.79
2564,100260890,,,B,,,B,,,,B+,C+,B,B,B+,,C,,A,C,C+,,C+,,,C,D+,B+,A,C,,B+,C+,,C,,B,D+,,,,C,C,B,,,B,C+,,,C,C+,C+,C,B+,,C,,C,B,C,,,C,D+,2.62
2564,100260892,,,C,,,C,,,,C,B+,B+,B,C+,,A,C+,C+,C,D+,,C,,,C+,C,B+,,C,,A,C+,,C,,C+,B+,,,,B,C+,B,,,B,C+,,,D,C,D+,D,C,,C,,F,C,C+,,,D+,D+,2.37
2564,100260909,,A,C,,,B,,A,,C,B+,B,D+,D+,,A,,C,B+,D,,,,C+,B+,D,A,A,C,,B+,,,C+,,C,A,,,,C,C+,B+,,,D+,C,,,D,B,C+,C,A,,D+,,D,B,B+,,,D+,C,2.58
2564,100260921,,A,,,,A,,C+,,C+,B,B,C+,C+,,A,C,A,D,C,,D+,,,C+,D,C,,C,,A,,,C+,,C,A,,,,C,C,B+,,,B,C,,,C+,C,B+,D+,A,,D,,D,B,B+,,,D+,C+,2.54
2564,100260935,,,,,,,,D+,,C,C,B,C+,B+,,C,B,C+,D+,D+,,F,,B+,C+,D+,B,,C+,,B,C+,,C,,D+,B+,,,C,C,C,B+,,,C+,C,,,D,C+,C+,D,C+,C+,D+,,D+,C,B,,,,D+,2.22
2564,100260960,,A,C+,,,C+,,C+,,C+,C+,A,B+,B+,,A,C+,C+,C,C,,,,,C+,D+,B+,,B,,A,,,C,,C,A,,,,C+,C+,A,,,C+,C,,,D+,B,C,D+,B+,,D+,,D+,C+,B,,,D,C+,2.65
2564,100260971,,,,,,C,,,,A,C,D+,C,C,,C,B+,C+,F,D,,,,C+,C,D+,C,,C,,B,C+,,C+,,C,D+,,,,C,D,B+,,,C+,C,,,D,C,D,D+,B,B,,,F,C,C,,,,D,2.16
2564,100260972,,,B,,,B,,,,B+,C,C+,C,C+,,C,,A,D+,C,,D+,,,C+,C,A,A,C+,,A,C+,,C+,,C,C,,,,C,C,B,,,C+,D+,,,D+,C+,D+,D+,A,,C,,C+,C,B,,,C,F,2.47
2564,100260987,,,B,,,C+,,,,B+,B+,B,C+,B,,D,,A,D+,D+,,,,,C,D,B,A,C,,B+,,,D+,,D,D+,,,,C,C,B,,,B+,C+,,C,D,C+,D,F,B,,C,,F,B,C+,,,,D,2.38
2564,100260991,,,B+,,,A,,B,,B,B+,B,A,A,,A,C+,A,D+,C+,,B,,,B+,C+,B+,A,C,,A,C+,,B,,B,B+,,,,B,B+,A,,,C+,B,,,B,B+,B+,C+,B+,,C+,,A,C+,B+,,,C,A,3.16
2564,100261022,B+,,B,,B+,,,A,,A,C+,A,A,A,,A,,B+,B+,B,,,,,B+,C+,C,,B,,A,,,B+,,A,A,,,,B,B+,A,,A,B,B+,B,B,C+,C+,B,B,A,,D+,,D+,C+,B+,,,B,D+,3.14
2564,100261023,,B+,,,,,,B,,C,A,A,B+,B,,A,,B,B+,B,,D,,A,C+,C,B,,C+,,B,C+,,C,,D+,B,,,,C+,C,A,,,C,C,,,B+,C+,B,C,B+,,C,,C,C,C+,,,C+,C+,2.71
2564,100261031,,A,B,,A,,,B,,B+,C+,B,B,B+,,A,B,B+,D+,C,,,,,C+,D+,C,,C,,A,,,C+,,C+,A,,,,C,D+,C+,,A,C+,B,,B+,C+,B+,B,D+,A,,D+,,D,B+,B,,,C,C+,2.72
2564,100261038,,,,,,,,D+,,C+,B,B+,B+,B,,C+,,C,D+,D+,,C+,,A,B,D+,C+,,C+,,B,C+,,D+,,C+,C,,,,B,C,A,,,C+,C,,,C,C,C,D+,B,,D+,,C,C+,B+,,,D+,D+,2.47
2564,100261047,,,A,,,A,,A,,B+,B+,B+,A,A,,A,B,A,B+,C+,,B,,,B+,C+,A,A,C+,,A,C+,,B+,,A,A,,,,B,B,A,,,A,B,,,A,B+,B+,B+,A,,C+,,A,C+,A,,,B,B,3.44
2564,100261054,,,B,,,,,,,C,A,B+,A,C,,C,B,B,D+,D+,,,,B+,C+,C,C+,,C+,,B+,A,,C+,,C+,C,,A,,B,C,B+,,,B,D+,,,D+,B,C+,D,A,,D+,,C,C,B+,,,,C,2.59
2564,100261059,,,B,,,B,,,,B+,B+,B,C+,C+,,C,,A,D,D,,,,,C+,D,B+,A,C+,,B+,C+,,B,,C,D+,,,,C,C,B+,,,B+,C,,,C,C+,C+,D+,C+,C+,C+,,D,C+,C+,,,D+,D+,2.52
2564,100261060,,,C,,,,,C,,D+,C+,B,C+,B,,C+,B+,C,D+,D,,,,,C+,D+,C+,,C,,A,,,D+,,C,C+,,A,,C+,C,A,,,C,C,,D,D+,C+,C,F,A,,D+,,D+,B,C,,,D,F,2.31
2564,100261080,,,C,,,,,,,C,B+,B+,B,B,,B+,,C,C+,C,,,,A,C+,C+,A,A,C+,,B+,C+,,C,,B,C+,,,,B,C,A,,,C+,C,,,D+,C,B,D+,A,,D+,,D,C+,B+,,,D+,D+,2.6
2564,100261093,,A,,,,,,,,C+,A,B,B+,C+,,C,,C,D+,D+,,,,B+,C+,D+,A,A,C+,,A,,,D+,,C+,C,,,,B,C,A,,,C+,C,,C+,B+,C+,C+,D,A,,D+,,C,C,B,,,D,D,2.57
2564,100261096,,,,,,A,,,,B,B,B+,B+,A,,A,,A,C,C+,B+,,,A,C,C+,B,A,B,,B+,,,B,,B,A,,,,B,B,A,,,C+,C,,A,B+,B+,A,B,A,,D,,C,A,A,,,C,B,3.17
2564,100261108,,,,,,,,C+,,C,C+,B+,B,B,,C,,B,D+,D+,,D+,,B+,C+,D+,B,,C,,B+,C+,,C+,,C+,C,,,,B+,C,A,,,C,C,,,B,C,C,D,B,,C,,C,C+,C+,,,,D,2.39
2564,100261112,,,C+,,,C+,,D+,,B,C+,B,C,B,,C,B,A,F,D,,D+,,,C+,D+,B+,A,C+,,A,C+,,C,,D+,D+,,,,C,C,C+,,,C+,C,,,D,C,D+,D+,A,,D+,,C,C+,B+,,,,D+,2.24
2564,100261121,,A,,,,B,,D+,,A,C+,B+,B,B,,C,A,C,C,D+,,,,A,C+,D,B+,,B+,,B+,,,B+,,D+,C,,,,C,C,B,,A,B,C+,A,,F,C+,D+,D,C+,,D,,D,C+,B,,,D+,D+,2.54
2564,100261126,,A,C,,,,,,,C,B,B,B,C+,,C,,C,D+,D,,,,A,C+,B,A,A,B,,A,C+,,B,,C+,C,,,,C+,C,A,,,B+,C,,,C,C+,B,D+,A,,D,,D,C+,C,,,,D,2.53
2564,100261135,,,C,,,,,,,C,C+,D+,C,C,,C,,C,D,D,,,,C+,C,D,B,A,C+,,B+,C+,,D,,C,D+,,,,C,C,B+,,,C+,D+,,,,C,D+,F,A,,D,,D,C+,D+,,,C,D,2.05
2564,100261149,,,,,,B+,,,,C+,A,B+,A,B,,A,,A,C+,C,C+,,,A,C+,C,C+,A,B,,B+,,,C,,B,B,,,,B,B,A,,,C+,C,,B,B,C+,C+,C+,A,,D,,D+,B,A,,,D,D+,2.84
2564,100261151,,,,,,,,C+,,C+,B,C+,B,B+,,A,,A,D,C,C+,,,B+,C+,D+,B,A,B,,B+,,,C,,D+,B+,,,,C,C,C+,,,C+,C,,B,D,C+,C,D+,A,,D,,D+,B,B+,,,D,C,2.47
2564,100261153,,,,,,A,,,,B,A,B,A,B,,A,,A,B+,C,A,,,A,C+,C,A,A,B,,B+,,,B+,,A,B+,,,,C+,C+,A,,,A,C+,,A,B+,B,C+,A,C+,,C,,C,A,A,,,C+,C,3.28
2564,100261194,,,,,,,,D+,,C,C+,C,C,B,,A,,B,C+,D+,C+,D,,B,C,D+,B,A,C+,,B,C+,,C+,,C+,B+,,,,C,D,B,,,C+,C,,,D,C+,C,C,A,,D+,,F,C,B+,,,D+,D+,2.39
2564,100261235,,,A,,,A,,A,,C+,A,A,A,A,,A,A,A,A,B+,,B+,,,C+,C+,A,A,B,,A,B,,B+,,A,A,,,,B+,A,A,,,B,B+,,,B+,A,A,A,A,,B,,A,C+,B+,,,B+,A,3.59
2564,100261237,,A,,,,B+,,C+,,A,D+,B,C,A,,B+,B,B,B,C,,D,,,C+,D,C+,,D+,,B+,,,C+,,B,A,,,,C+,C,B,,A,B,C+,,,C+,B,B,D+,A,,D+,,C,B,B+,,,C,C+,2.77
2564,100261275,A,A,,,,A,,B,,A,B,B+,B,A,,A,,C,C+,D+,,,,B+,A,D,B+,,B,,B+,,,C,A,B,A,,,,B,B,A,,,C,C+,,,D+,A,C+,D+,A,,D,,C,C+,B+,,,C,C,2.9
2565,100225544,B,,,,,,,D+,,,,,,D+,,C,,,,C+,C,,B,,,C,C+,A,B,,,B,C+,D,C+,,C+,D+,,D+,B+,C+,B+,C,,F,C+,,,C,D+,C+,D+,B,,,D,D+,,,C,F,,B,2.15
2565,100239502,C+,,,,,,,C,A,,,,,D,,F,,D+,,D,,,,,,D+,A,B+,B,B,,,C+,,D+,,C+,,,D+,D+,A,B+,,B,C,C,F,,,,F,,D+,D+,,C,,,,D+,,,D,2.08
2565,100249119,,B+,,,,D,D+,,C+,D,C+,D,D+,D+,,C+,,D+,D,D,,D,,D+,B,D+,,,B,,A,,,B,,D+,B,,,,B+,C+,C,,,F,C,A,D,,C,D,F,A,,F,,F,C,,,,F,D,2.02
2565,100249197,,,,,,,C+,,,B,D+,D+,C,C+,,C,B,D+,C,D,,B,,B,C,D,A,B,C,,B+,,,D+,,C,B,,,,D,C,C,,,D,B,B,D,,C+,C+,F,B,,D,,D+,B,,,,D+,C,2.22
2565,100249231,,A,C+,,,,C,B,B,C,B,D+,C+,C,,B+,,D+,C+,C,,,B,,C+,C,,,C,,A,,,B,,C+,A,,,,B,C,D+,,,D,C,A,C,,C+,C+,D,A,,D,,D+,C,,,,F,C+,2.44
2565,100260912,B+,,B+,,,,,A,,B+,B+,A,A,B+,,A,,B,C+,C+,,,,,C+,C,D+,,C+,,A,,,A,,A,A,,,,B+,C,A,,A,C+,B,,C+,B,C+,C+,C,A,,C,,F,B+,B+,,,C+,C+,3.01
2565,100260920,B+,,D+,,,,,D+,,D+,D,A,A,C,,A,B+,C+,C+,D+,,,,C,B,C,B+,,C+,,A,,,C,,A,B+,,,,A,A,B+,,,C+,C,,,D+,C+,C+,D+,B,C+,C,,D+,C+,C,,,C+,D,2.6
2565,100261094,,,,,,,,D+,,C,C,D+,D+,B,,C,,B,C,D+,,D+,,C+,C,D+,B+,,C+,,B,B,,C,,C,D+,,,,C,D,B,,,C+,C,,,D+,C,D+,D+,A,,D,,D,C,C+,,,,D,2.07
2565,100261098,,A,C,,,,,,,D+,D,D+,C,C,,C,A,C,D,D,,,,C+,C,D+,B,,D+,,A,C+,,C+,,D+,C,,,,C,D+,B+,,,C+,D+,,,,C,D+,D,B+,,D,,D+,C,C+,,,C,F,2.06
2565,100261105,,,B+,,,,,C,,D+,C,C,C,F,,C,,B,D+,D,,,B+,,C+,D+,B,B,B,B+,A,C+,,C,B,C,A,,,,C+,C,B,,,C,C,,,D,C+,D,D,B,,D,,F,C,C,,,,D,2.21
2565,100261230,,A,,,,C,,C+,,C,F,B,C+,C,,C+,B+,C,D,D,,,,B,B+,D,C+,,D+,,A,,,C+,,C,C+,,,,C,F,B,,,D+,C,,,D,C,C,D,B+,,D,,D+,C+,C,,,C,C+,2.28
2565,100263612,C,,,,,,,C,,,,D,C,C,B,C,B+,D+,D,C,B+,,,,,D,A,,C,C+,B,C,,C,C+,D+,B,,,C,C,D,,C+,B,C+,C+,,,D,C+,D,F,C+,C,D,,C,D+,B,,,C,D,2
2565,100269314,,A,,,,,,,A,C,B,A,C+,D,D,C,,C+,D,C,,,,,B,D,,,B,,A,,,D+,,B,C,,,C+,B+,C+,,,,C+,D,,,D,C+,B,D,C+,C,C,,D,,B+,,,,D,2.35
2565,100270640,,,A,,,,,A,,B+,A,A,A,B+,A,A,,C+,B,B,,,,,A,B,,,B,B+,A,,,B+,,B,B+,,,C+,A,A,,,B,B,C+,,B+,B+,A,A,B,A,,C+,,B,C+,A,,,B,B,3.36
2565,100270662,,,,B,,C,,A,C+,C,D,B,C+,D+,C+,C+,,C+,D+,C,C,,,,,D,,A,C,A,B+,,,D,,D+,C,,,D+,B,C,,,B,C+,B,,D,D+,C+,C+,C,C+,,C+,,C,,,,,C,D+,2.31
2565,100270678,,,B+,,,B,,,B+,B+,A,A,B,C+,B,C+,,D+,B,C,,,,A,B+,C,,A,B+,,A,,,D+,,A,C+,,,C+,B+,C+,,,A,C+,C,,B+,B+,B+,B+,C+,B+,,C,,C+,C+,,,,C+,C+,3
2565,100270688,,,,C+,,B,,C,,B+,B,A,B+,B,B+,A,B+,C,B,C,,,,B,B+,C,A,,C+,,A,,,C+,,C+,B,,,D+,A,B+,,,A,B,C+,,,A,C+,B+,C+,A,A,C,,C,,A,,,B,C+,3.05
2565,100270697,,,B+,B+,,B+,,A,,B,A,A,B+,A,B,A,,B+,F,C,,,,,B,D+,A,,C+,,A,,,D+,,C,A,,,C+,C+,C+,,,A,B,B,,B+,B+,B+,A,C,A,B+,C+,,B+,,B+,,,C+,D+,3.08
2565,100270705,,,,B+,,D+,,,B,C+,D+,B+,D,C,C,C,,D+,C,D+,,,,C+,C,D+,,A,C+,,A,,,D+,,B,C+,,,D+,C,C,,,B+,C+,C,,C+,C,C,C,D+,B+,,D+,,D+,C+,,,,C,D+,2.21
2565,100270712,,,D+,B+,,D+,,B,,D+,D+,B+,B,D+,B,B,,D,,C,,,,,,D+,,A,C,B+,B+,,,D+,B+,C,C,,,C,B,C,,,B,B,C+,,,C,C+,C,C,C+,,C+,,D+,,B+,,,,B,2.48
2565,100270720,,,B+,,,,,C,B+,B,B,A,C+,B,B+,C,,C,C,C,,,,,,D+,A,A,C+,,A,,,B+,,C,C+,,,C,B,C,,,B+,C+,B,,C+,C+,C+,C,C,A,B,C+,,C+,C+,B,,,C+,C+,2.7
2565,100270770,,,,A,,C,,C,,C+,B,A,B+,A,B+,B,,C+,C,C,,,,A,,C,A,,C+,B,A,,,D+,,C,C+,,,C,A,B,,,B,C+,B,,,D+,C+,C+,D+,A,,C+,,B,C+,B,,,C+,B,2.73
2565,100270772,,C+,,,,,,B+,B+,C+,C+,A,B+,B,B,C+,,D+,F,C,,,,,A,D+,,A,B,B,A,,,C+,,D+,C,,,C,A,C+,,,B,B,C,,,D+,B,B,D+,B+,C,C+,,C+,C+,A,,,B,C,2.71
2565,100270785,,,A,,,,,A,B,A,A,A,A,A,A,A,A,B+,A,B,,,,A,A,C,,,C+,,B+,,,B+,,A,A,,,C,A,A,,,B+,B,B,,,A,B+,A,A,A,A,B+,,B,B,,,,A,B+,3.63
2565,100270787,D+,,A,,,,,A,,B,B+,A,B,B+,B,B,,C+,C+,C,,,,,B,D,,,C,C+,B+,,,C+,,C+,C+,,,B,C+,C,,,B,B,B,,B,C,B+,C+,C+,A,,C,,C+,B,C+,,,B,B,2.76
2565,100270803,,,B,B+,,,,A,,C+,B+,A,C+,B,C+,C,,C,D+,C,,,,,A,D,,,C+,B,A,,,C,,D+,C,,,C+,B+,C+,,,B+,B,C+,,,D,B+,C,D,A,,D+,,C,C+,B+,,,C,C,2.47
2565,100270815,,,B+,B,,B,,B+,,C+,C+,A,B,C+,B,A,,C+,D+,C+,,,,,A,D,,,B,C+,A,,,D+,,C+,A,,,B,A,B,,,B,C,C+,,,C,A,A,C,B+,,D,,C,,A,,,C,A,2.78
2565,100270818,C+,,A,,,,,A,,C+,B+,A,B,C+,C+,C,,C+,D+,C+,,,,,B,C,,,C+,C+,A,,,C+,,C+,C,,,C+,B,C,,,B,C+,C+,,B+,B,B+,B+,C,A,,C,,B,B+,B,,,C+,A,2.72
2565,100270829,,,,,,,,B,A,B,A,A,A,A,A,B,,D+,B,C+,,,,,A,C,,,C+,B+,A,,,C,,B,B,,,B,A,A,,,B,B,C+,B,A,C+,B+,A,B,A,,C,,B,B+,A,,,B,B,3.14
2565,100270830,,,,B,,C,,B+,B,C+,C,B+,C,C+,B,B+,,D,B,C,,,,,,D,,A,C+,B+,A,,,C,A,C+,C,,,C+,B+,C,,,B,B,C+,,,C,C+,A,C+,A,,C+,,C,,,,,B,C+,2.7
2565,100270831,,,D+,B+,,C,,B,,D+,C,B+,C,D+,B,C,,D,,C,,,,,,D,,A,B,B+,B+,,,D+,A,B+,B+,,,B,C+,C+,,,B,B,C+,C+,,C+,C+,C,C+,C+,,,C,D+,,B,,,B+,C,2.54
2565,100270833,,,C+,,,,,C+,B+,C+,B+,A,B,B,C+,C,,C,D+,D+,,,,,,D+,A,A,C+,,B+,,,C+,,C,D+,,,C+,C+,C,,,B,B,C+,,B,C,C+,C,D+,A,B,C+,,C+,B,B,,,C+,C+,2.58
2565,100270836,C+,,D+,C+,,,,A,,D+,D,B+,D,C,C,A,,D,C+,D,,,,,C,D,,B+,B,B,A,,,B,,C+,B+,,,C+,C+,D+,,,B,B,C,,,D,C+,C+,C,B,,D,,D,C,B+,,,,C+,2.33
2565,100270839,,,,B+,,B,,,A,B+,A,A,B+,A,A,A,B+,B+,C,C,,,,A,B+,D+,A,A,C+,,A,,,C,,B,C+,,,B,A,C+,,,B,C+,B,,A,B+,A,B+,C,A,A,C+,,A,,A,,,C+,C+,3.22
2565,100270848,,,,A,,A,,,A,A,A,A,A,A,A,A,A,A,C+,B,,,,A,A,C,A,A,B,,A,,,C+,,A,B,,,A,A,B+,,,A,A,B,,B+,A,B+,A,C+,A,A,C+,,B+,,A,,,B,B+,3.6
2565,100270877,,,,,,,,A,A,B,A,A,A,A,A,B,,D+,B,C+,,,,,B+,C,,,B,B+,B+,,,D+,,C+,B+,,,B+,A,C+,,,B,C+,C+,C+,A,B,B,A,C+,A,,C+,,C+,A,A,,,C+,B+,3.08
2565,100270887,,,A,,,,,B,,C+,B+,B+,B,C+,C,D+,,B,D+,C,,,,,C+,D,,,C,C+,A,,,C+,,D+,C+,,,C+,B+,C,,,B,C,C+,,B,C,B+,C,C+,A,,C,,B,B,B,,,C+,D+,2.52
2565,100270888,,,,,,,,B+,B+,B,C,C+,C,C,C,C,,D+,D+,C,,,,,B+,D,,A,C,C+,B+,,,D+,,D+,C+,,,B,C,C,,,B,C,C+,,,C,C,C,D,B+,C,C,,C,C,B,,,C+,C,2.34
2565,100270897,,B+,,,,,,C,B,D+,C,C+,B,C+,C+,C+,,D,D,D,,,,C+,B,D,B,,C,C+,A,,,C,,D,C+,,,B+,B,C,,,B,C+,C+,,,F,B,C,D,B+,,C,,D+,C,B,,,C,C,2.23
2565,100270912,,,B+,B,,C,,B,,C+,B,A,C+,A,B,B+,,A,F,C,C,,,,,D,,,C+,,A,,,D+,,D+,C,,,C+,C,C,,,C+,B,C+,,B,C,B+,B+,D+,A,B,C,,C+,,A,,,C+,D+,2.63
2565,100270939,,,,A,,A,,B+,,B,A,A,B,A,B,C+,B+,A,C+,C+,,,,A,A,C+,A,,B,,A,,,B,,B,D+,,,B+,B+,C,,,B,B,C+,,,A,A,B,C+,A,B+,C+,,B+,,A,,,B+,B,3.27
2565,100270954,,,A,B,,C+,,A,,B,B,A,A,C+,B,B+,C,B+,C,C,B,,,A,,D,,,B,A,A,,,D+,,B+,B,,,C+,A,B,,,B+,B,B,,,D+,B+,B+,C,A,,C+,,C+,,A,,,C,C,2.94
2565,100270965,,,,B+,,C+,,B,,B,A,A,B,B+,B+,C+,B+,A,D+,C,,,,A,A,C,A,A,B+,,B+,,,C+,,C,C,,,B+,A,B+,,,B,C+,B,,,C+,A,B,C,A,B+,C+,,B,,B+,,,C+,C+,3.07
2565,100270967,,,,B+,,,,A,,B,A,A,A,A,A,A,,A,C,D+,,,,,C+,D+,,A,B+,,A,,,D+,,C+,C+,,,B,A,A,,,B+,C,B,,B+,C,A,D+,F,A,A,C+,,A,B,B+,,,,D,3.11
2565,100270973,,,A,,,,,B+,,B+,B+,B,C+,C+,B,D+,,C+,D+,C,,,,,B,D,,,C+,B,A,,,C+,,D+,C,,,B,B,C,,,B+,C,C+,,C+,C,A,C+,C,A,,C,,C+,C+,C+,,,C,C+,2.57
2565,100270976,,,B+,,,A,,,B+,B+,A,A,B,A,A,B+,,A,B+,B,,,,A,,C+,,A,C+,,A,,,B,,A,C+,,,B+,A,A,,,B+,B+,C+,,A,A,B+,A,B,A,,C+,,B+,B,,,,B,B+,3.48
2565,100270987,,,A,,,B+,,B+,B+,B+,A,A,A,A,A,A,B,A,A,A,,,,A,A,C+,,A,B,,A,,,A,,A,A,,,A,A,A,,,A,A,B+,,,B+,B+,A,C+,A,,B+,,B,B,,,,A,A,3.72
2565,100270990,,,D+,B+,,C,,A,,C,C,A,D,D,D+,C,,C+,F,C,C,,,,,D,,A,C+,C+,A,,,D+,,C,B,,,B+,B+,C,,,A,C+,C+,,,D+,B,C+,D,A,,D,,D,,A,,,,D+,2.33
2565,100270991,,,B+,D+,,C+,,A,B+,B,B,A,C,C+,B,A,,B+,C,C,,,,D+,B+,D,A,B+,B,,A,,,D,,B,A,,,B+,B+,C+,,,A,C+,C,,,D,C,B,D,A,,C,,A,,A,,,B,C,2.81
2565,100270992,,,,B,,,,B,A,D+,C+,B+,D,D,C,B+,B+,D+,C+,D+,,,,C,,D,,,B,C,B+,,,B,,B,C+,,,B,D+,C,,,B+,C+,C,,,D,C+,C+,D+,B+,,C,,C,,C,,,C,D,2.33
2565,100270999,,,A,,,A,,A,,A,A,A,A,A,A,A,,A,A,B,A,,,,,B,A,A,B+,,A,,,C+,,A,A,,,A,A,A,,,A,A,B,,A,B+,A,A,A,A,A,A,,A,,,,,A,A,3.86
2565,100271000,,,C,C+,,C+,,,A,B+,D,A,B,B,B,B+,B+,A,C+,C,,,,C+,B,C+,A,A,B+,,A,,,B,,C+,C,,,B+,A,C+,,,A,C+,C+,,,C+,B+,B+,D+,C,A,C+,,D+,,B+,,,C+,C+,2.97
2565,100271008,,,B,,,,,B,B+,C+,B,A,C,C,B,B+,,C,C,C,,,,,,D+,A,A,C,,A,,,D+,,C+,C,,,B,C+,C,,,B+,D+,B,,C,C,C+,C+,C,B+,C+,C,,C+,C,B+,,,C,B,2.54
2565,100271067,,,C+,B,,D+,,,B,D+,B,B+,D,C,C,C,,D+,C,D+,,,,B,D+,D,,,C+,,B+,,,C+,,C+,C,,,C,C+,C,,,A,C,C,,,D+,C+,C,D+,A,,C,,D,C,,,,C,F,2.09
2565,100271068,,,A,B+,,D,,,C+,C,C,B+,B,D+,C+,C,A,B,D,C,,,,B+,,D,,B+,C+,,B+,,,D,,D+,C,,,C,B,C+,,,A,C+,B,,,D,C+,C+,D,C+,,C+,,D+,C,,,,C+,D+,2.27
2565,100271070,,,D+,A,,,,C,,C,B,A,C+,C+,C+,C+,B+,C,B,C,,,,,A,D+,B+,,B,,A,,,D,,C,D+,,,C+,A,C+,,,B+,B,B,,,C+,C,B,C,B,B,C,,C,C,C+,,,C+,C,2.6
2565,100271071,,,B+,,,C,,,B,B,B+,A,B,C+,B,C+,,D+,C+,C,,,,A,B,D+,,A,B,,A,,,D+,,C+,C,,,C+,A,B+,,,A,C+,C+,,C,B+,B,B,C,A,,C,,B,B,,,,C+,C+,2.84
2565,100271074,,,B+,,,B,,B+,,C+,A,A,B+,A,B,B+,,D+,C,C,,,,,A,D+,B,B+,C+,B,A,,,D+,,C+,B,,,B,C,B,,,A,C+,C+,,C+,C,C+,B+,D+,B,,C+,,A,C+,A,,,C,A,2.8
2565,100271085,,,C+,A,,C,,B,,B,B,A,C+,B+,C,C,A,C,F,C,,,,,A,C,B+,,B,,A,,,D,,D+,D,,,C+,B+,C,,,B,B,C+,,,C,C+,C+,D,B,B,C+,,B,,C+,,,C+,D+,2.63
2565,100271090,A,,,,,,,B,A,B,C+,A,B,B,C+,C+,,D+,C,B,,,,,A,D+,,,B,C+,A,,,C,,B+,B,,,B,,D+,,,A,C+,C+,,,D+,B,B+,C,A,C+,C,,C+,D+,B,,,C,C+,2.71
2565,100271116,,,B,B+,,C,,,B+,C,B,A,C+,C+,C+,C+,,D+,D,D+,,,,B+,B,D+,A,,C,,A,,,D,,D+,D+,,,C+,C,C,,,B,C,C+,,,C,B,C+,C,A,,C,,C+,B,,,,C,B,2.41
2565,100271136,,B+,,B+,,C,,C+,,C+,C+,A,B,B+,C+,B+,,C,C+,D+,,,,B+,B+,D,A,,C+,B,A,,,C,,C,C+,,,B+,B,C,,,A,D+,C+,,,C,C+,C,D+,B,,C,,B,B,A,,,C+,C,2.63
2565,100271143,,,,B+,,,,A,B+,B,B,B+,C,D+,C,C+,B,D+,C,C,,,,,,D,A,,B+,B,B+,,,C,,C+,C+,,,B+,C+,C+,,,A,C+,C+,,,D+,B+,B,D+,A,C+,C,,C,,B+,,,C+,D,2.65
2565,100271144,,,,B+,,,,B,A,C+,B,A,D,C,B,C+,C+,D+,D+,C,,,,,,D+,A,,C+,B,B,,,C+,,D+,C+,,,C+,C+,C,,,A,C+,C+,,,D,B,C,D,A,C+,C,,C+,,B,,,C,D,2.45
2565,100271158,,B+,,B+,,,,D+,B+,C+,D+,A,C+,C,C+,C,,D,F,D,,,,D+,,D+,A,,C,B,A,,,C,,F,C+,,,B,B,C,,,B,C+,B,,,D,C+,C+,D,A,,C,,C+,C+,D+,,,,C,2.25
2565,100271162,,,,B+,,,,B+,A,D+,C+,A,D,C,C+,C,B,D+,F,D+,,,,,,D,B+,,B,C,A,,,D+,,D,C+,,,B+,B,C,,,A,B,C,,,D,B,C,D,A,C,C+,,C+,,C+,,,,D+,2.37
2565,100271163,A,A,B,A,,,,A,,B,A,A,B,A,C+,B+,,A,A,B+,B,,,,,C,A,,B,,A,,,B,,A,B,,,B,B,C+,,,A,B,C+,,B+,A,B+,A,A,B,A,C,,A,C,A,,,A,C+,3.39
2565,100271195,,,C+,,,B,,B,,C,B+,A,C+,A,C,C,,D+,B+,C+,,,,,A,D,B,B+,C+,B,A,,,D+,,C,B,,,C+,C+,C,,,B,C+,B,,D+,C+,B,C+,C+,B+,,C+,,A,C+,B,,,C+,B,2.65
2565,100271196,,,C+,B+,,,,A,,B,A,A,B,A,B,C+,A,A,C,C,,,,,,D+,A,,B+,,A,,,C,,C,D,,,B,B+,C+,,,A,B,C+,,B+,A,B+,B,C,B,A,C,,A,B,B+,,,C+,D,2.96
2565,100271200,,,B+,A,,,,A,,C+,B+,A,C+,A,B,C+,,A,C,C,C+,,,,,D,,,C+,,B+,,,C+,,B,C,,,C+,B,C,,,B+,A,C+,,B+,B+,B+,B+,C+,A,A,C,,C+,C+,A,,,B,D,2.92
2565,100271208,,,D+,A,,,,A,,D+,C,A,C+,D+,C+,D+,,D,C+,C,,,,,B,D,,B+,C,B+,B+,,,D,,C,C,,,C,B,B,,,A,B,C+,C+,,D,B,C+,D,B+,,C+,,D+,C,C+,,,,D,2.33
2565,100271216,C,,A,,,,,A,,B+,B,A,B+,B,B+,C,,B,D+,C,,,,,B+,C,,,C+,B+,A,,,C,,C,C+,,,B,A,B,,,B,C+,B+,,B,B+,A,A,C+,A,,C+,,B,C+,B+,,,C,B+,2.96
2565,100271219,,,C+,,,,,,,B,B,A,B,C,B,F,,D+,,C,,,,A,,D+,,C,D,,A,,,D,,,C,,A,C+,B+,D+,,,A,B,B+,,,C,C+,C+,C,A,C+,C+,,D+,C,B+,,,B,C+,2.53
2565,100271231,,,A,,,A,,B,,B+,B,A,B+,B+,B,A,,C,B,B,,,,,,D+,A,A,C,,A,,,B+,,C+,A,,,B,B,B,,,A,B+,C+,,A,B+,B,C+,C+,B+,B+,C+,,B,C+,A,,,C+,B,3.16
2565,100287192,,,,,,,,,B+,C,C+,A,B,D,,D,,D+,C,D+,,,,B,C,C,,,C,B,A,,,C,A,C+,C+,,,B,C,C,C,,,A,C+,,C+,,B,C,A,B,,D,,C+,C,,,,F,C,2.51
2566,100239968,C+,,,,,,D+,,B,,,,,C,,C,,,,C+,,D,,,,D+,,A,B,,,,B,C,B+,,C+,D+,,C,C,C,C,D+,B+,F,C+,,,,D,C,D+,B,,,D+,D+,C,,D,,,B,2.01
2566,100269146,,B+,,C+,,,,,D,D,C,B+,C+,D,D,C,,C+,C+,D+,,,,,B+,D+,,,C+,,A,,,D,,C+,C,,,C+,B,C,,,,C,,,,D,C+,C+,D,C+,C,D,,F,,,,,,D,2.14
2566,100270750,,,C+,C+,,,,C,B,D+,C+,A,C+,C,C+,B,,B+,F,D,,,,,,D,,A,C,,A,,,D,,D+,C+,,,D+,B,C,,,A,C,C+,,,,C+,C,F,A,,D+,,C,C,B+,,,,D+,2.16
2566,100270751,,,,C+,,C,,,B+,B+,B+,A,B,A,B,B,B+,C+,C,C,,,,D,B+,C+,A,A,C+,,A,,,D+,,B,C+,,,C,B,C,,,A,B,C+,,D,B,C+,C,,A,B+,C+,,B+,,C+,,,C+,D+,2.78
2566,100270775,,,,,,D+,,D+,,D+,D,B,D,D+,B+,C,,D,D+,D+,,,,C+,,D,B,A,C,C+,A,,,D+,B+,D+,C,,,D+,B,C,,,B,C,C,,,F,B,D+,D,B,,D,,D,C+,D+,,,C,D+,2.07
2566,100270900,,,C,,,C,,C,,C+,B+,A,B,A,C+,D,,D+,D+,D+,,,,,A,D+,,A,C+,B,A,,,F,,D+,C+,,,B,C+,C,,,B,C,B,,C+,D,B,C+,D,C+,,C+,,B+,C+,B,,,D+,C,2.34
2566,100270908,,,,C+,,,,B+,B+,C,B,A,C,C,C,D+,,D+,F,D,,,,,,D+,,,B,C,A,,,D+,,D+,D,,,B,B,C,,,B,C+,C,,,D,C,C,F,A,C,C,,C+,,B,,,,D,2.28
2566,100270970,,,B,,,,,C+,B+,D+,C,A,C,C,C+,D+,,C,F,D+,,,,,,D+,A,B+,B,,B+,,,D,,D+,D,,,B,C,D+,,,A,C,C+,,C,D,C+,C,D,B+,B+,C+,,F,C,D+,,,,D,2.19
2566,100270981,,,C,B+,,,,D+,B+,C,D+,A,B,C,B+,C,,C,D+,D,,,,,C,D+,A,A,C+,,A,,,D+,,D+,C,,,B,A,C+,,,B+,C+,C+,,,D+,C,D+,D+,C+,B,C,,C+,C,,,,C+,D+,2.34
2566,100271014,,,B,B,,,,A,B+,D+,B+,A,C+,B+,B+,B,,B+,D+,D,,,,D+,D,D+,,B+,B,,A,,,D,,C,C+,,,C+,C+,C+,,,A,C,C+,,,F,C,B,D,A,,C,,B,C+,B,,,,D,2.49
2566,100271146,,,B,B+,,,,A,B+,D+,B+,A,B,B+,C+,C,,B+,F,D+,,,,,C+,D+,,,C+,,A,,,D+,,D,B+,,,C+,B,C,,,A,C,C+,,,F,C+,B+,F,A,,C+,,C+,C+,B,,,,D,2.6
2566,100271155,,,B,,,C,,B,,D+,B,A,B+,B+,B,D+,,D+,F,D,,,,,A,D+,,B+,C+,C+,A,,,F,,D,C+,,,C+,B+,B,,,B,C,C+,,C,D,B,C,F,B+,,C+,,B+,C+,B+,,,F,C,2.42
2566,100271204,,B+,A,,,B+,,A,,B+,A,A,A,A,A,A,,A,A,A,,,,,,C,,,B+,,A,,,D,,A,A,,,B+,A,A,,,A,A,B,,A,A,A,A,B+,A,A,B+,,B,,,,,A,A,3.62
2566,100271246,,,B,,,B,,B+,,B,B+,A,B+,A,C+,D+,,D+,F,C,,,,,A,D+,,A,B,B,A,,,D+,,D,C,,,B,A,B,,,A,C+,C+,,C,D,B+,B,D+,C+,,C+,,B+,C+,B+,,,D+,C+,2.69
2566,100281821,B+,,,C+,,,,A,,B+,B,A,A,B+,B+,A,,C+,B,C+,,B+,,,A,C+,,A,,A,A,,,C+,,A,A,,,C,,,,,,C+,C+,,B+,D+,B+,B+,A,A,,C,,C,,B,,,C+,B+,3.21
2566,100281825,,,C,,,D+,,,,D+,D+,D+,C+,,A,C,,C+,F,D+,,,,D,,D,,,,B+,A,,,D,,D+,B,,,,,,,,B,F,C+,C+,,,C+,B,C,A,,C+,,D,,D+,,,D,D,2.09
2566,100281829,,,B+,,,,,,,B+,B+,B+,B+,C+,B,A,,B+,A,B+,,A,,,B+,B,,A,,C,A,,,A,,A,A,,,,,,,,A,B+,B,B,B+,D+,B+,A,A,A,,C+,,C+,C+,B+,,,B,C+,3.31
2566,100281858,,,,C,,,,B,,D,B,D+,C,D+,C+,C,,C,D+,C+,,C+,,,C+,D,,A,,C,A,,,D+,,C,C,,,,,,,,,C+,C,B,D+,F,C,C+,B+,A,,C,,F,,C,,,D+,D,2.17
2566,100281859,,A,B+,,A,A,,,,B+,B+,C+,B,C+,C+,C+,B,C+,A,C+,,,,A,,C,,,,A,A,,,B+,,A,B+,,,C,,,,,A,A,B+,B,B+,C,A,B+,A,A,,B,,D+,,C+,,,B,D,3.16
2566,100281866,,,B+,,,B,,,,B,B+,B,B+,C,B+,A,,C+,C,C+,C+,,,B,,C+,,,,B+,A,,,B,,B,B+,,,,,,,,,D,C+,,,,B,C+,A,A,,C+,,D+,,C+,,,C,D+,2.78
2566,100281887,B+,,,B,,,,C+,,D+,C+,D+,C+,D,C+,C,,C,D+,C,,D+,,,A,D+,,,,B+,A,,,D,,C,C+,,,,,,,,,C,C,C+,C,D,C,B,C+,B+,,C,,D,,C+,,,D,D,2.21
2566,100281892,,,C,B,,,,,,C+,C+,C+,A,D+,C+,B,B,C,D+,C,,,,,B+,C+,A,,,A,A,,,C,,C+,D+,,,C,,,,,A,B+,B+,B,C+,,B,B,A,B+,,C,,C,C,C,,,D+,D+,2.65
2566,100281894,,A,B,,,C,,,,C,C+,D,B,D+,D,D,,C+,D,D+,D+,,,B+,,C,,A,,B,A,,,C,A,D,D+,,,,,,,,,C,C+,B+,C,D,B,B+,C+,A,,C+,,F,,D,,,D+,D,2.23
2566,100281903,,,B,,,,,,,C,B+,C+,B,C+,B,A,,B,A,B,,B,,A,B,B,A,A,,C,A,,,B+,,A,B,,,,,,,,A,B+,B,,,B,B,B+,A,A,,C+,,C,C+,A,,,C,C+,3.2
2566,100281906,,,B+,,A,B+,,,,B+,B,B+,B+,C+,B+,B,,A,C+,C+,,,,A,A,C+,,A,,C+,A,,,C+,,B,C+,,,,,,,,,C+,C+,C+,B,,B+,B,A,A,,C,,C,,C+,,,D+,C+,3.03
2566,100281937,A,,B+,B,,,,,,C,B+,C,B,D+,B,D,,C,F,C,,,,,B,C,,A,,A,A,,,D+,,D,D+,,,C+,,,,,A,C+,B,,C,F,C+,B+,A,B+,,C+,,F,C+,C,,,D+,C,2.63
2566,100281946,,,B,B,,,,A,,B,A,B,A,C,B,C,,C+,B+,C+,,,,,B+,D+,B,,,B,A,,,B+,,B,C+,,,,,,,,A,C+,B,A,C+,,B+,B+,A,B,,C,,C+,C+,,,,C,C,2.91
2566,100281955,,,,D+,B,,,C,,D+,D+,D+,B,D,B+,D+,,C,D,C,,,,,,C,C+,A,,C+,A,,,D,,D+,D+,,,,,,,,A,,C,B,D+,,C,D,B+,B+,,D+,,F,D+,C,,,D,D,2.14
2566,100281958,B,,C,B,,,,,,D+,B+,B,B+,D+,B,C,,C,D,C+,,,,,,C,,A,,A,A,,,C,A,D+,D+,,,C,,,,,,C,C+,B,D+,F,C,C+,B,A,,C,,F,C+,C,,,D+,D,2.36
2566,100281963,,C,C+,,A,C+,,,,D,B,C,C+,D+,C,D+,C+,C+,D+,C,D+,,,B+,B,C,,,,B+,A,,,C,,D+,D+,,,,,,,,,D+,C+,B,C,,B,B,B+,A,,C+,,D+,,D,,,D,D+,2.21
2566,100281968,,,B,,,,,B,,B+,C,B+,B,C,B,A,,C,A,C,,,,,B+,C+,,A,,B+,A,,,B,,A,A,,,,,,,,A,A,B,C+,A,C,B,B+,A,B,,C+,,B+,B,C+,,,C+,B+,3.24
2566,100281970,,,,,,C,,,,B,B+,B,B,C,,B+,,C+,B,D,C,,,A,B,D,,,,B,A,,,B+,,C+,B,,,,,,,,,D+,D,C+,C+,,B,B,C+,A,,C+,,C,,C+,,,C,D,2.41
2566,100281972,,,B+,B,,B,,C+,,A,A,B+,B,B,C,A,,C+,D+,C,,,,,C+,C+,,A,,A,A,,,B+,,C,A,,,,,,,,,C+,B,,,,B+,A,A,A,,C+,,C+,,B,,,D+,F,3.01
2566,100281976,,,B+,,,,,,,B+,B+,B,A,C,B,A,,B+,C+,B,,C+,,A,,B,,A,,B,A,,,C+,,B+,C+,,,,,,,,A,A,B,B,,D,B,A,A,A,,B,,C,C,A,,,C,C+,3.15
2566,100281989,,,B+,,,,,B+,,C+,B,B,C+,D+,D+,C,,C+,D+,D,,B,,,B+,C+,,,,C+,A,,,B,,C+,C,,,,,,,,A,B,C+,C+,A,D,B,C+,C+,A,,C,,C,C,,,,F,D+,2.53
2566,100281991,,,B,,,C+,,,,B,B,B,B,D+,B,B+,,C,C,C,C,,,B,B,C+,,,,B+,A,,,C,,D+,C+,,,,,,,,,C,C+,A,,,B,C+,B+,A,,C+,,D+,,B+,,,D+,C+,2.6
2566,100281992,,,C+,C,,,,B,,D+,A,C,C+,C,B+,C+,,C,C+,C,C+,,,,,C,A,,,B+,A,,,C,,C+,C,,,,,,,,A,A,C+,C,B+,C+,C+,B+,A,B+,,C+,,D+,,C,,,D+,D,2.65
2566,100282004,,,C,C+,,,,,,,C,C,C+,D+,C,D,B,B,,C,,,,,C,C,B+,,,B+,A,,,D,,D,F,,,,,,,,A,D,C+,C+,C+,,C+,C+,C+,B+,,C,,,D+,D+,,,D,D,2.12
2566,100282007,A,,B+,B+,,A,,C,,A,A,B,B+,C,C+,A,,B,B,C,,,,,A,C+,B+,A,,B+,A,,,B,,A,A,,,,,,,,,B,B,B,,,B,B+,A,A,,C,,C,,B,,,C,D+,3.11
2566,100282008,,,B,,,B+,,B,,C+,A,B+,B,B,C+,A,,C,C,C,,,,,B+,D,,A,,C,A,,,B+,,C+,B+,,,,,,,,A,A,C,,B+,D+,B,C+,A,B+,,D+,,C+,,C+,,,C,B,2.98
2566,100282013,,,A,,,,,,,B,B,C+,B,B,C+,A,,C,B+,C+,,A,,,,C,,A,,C,A,,,C+,,B,A,,,,,,,,A,A,B+,B,B,,C+,A,A,A,,C,,B,C,A,,,C,B+,3.07
2566,100282014,,,C+,,A,C+,,,,D+,B,D+,C,C,C+,D,,C+,D+,D+,,,,A,,C,,,,A,A,,,B,,D+,D+,,,D+,,,,,,C+,C,C+,B,D+,B+,B,A,A,,B,,D+,,C+,,,C,D,2.45
2566,100282015,,,C+,B+,,C,,,,C+,D+,D+,C+,D,B+,D+,,C+,F,C,,,,,B,C+,,A,,A,A,,,D+,,D+,D+,,,,,,,,,D+,D+,B,B,,C+,C+,A,A,,C,,D,,D+,,,D+,D+,2.44
2566,100282017,,,,B,,,,A,,C,A,A,A,D+,B,B+,,C+,C+,C+,C+,B,,,B,D+,,B+,,,A,,,C,,C,C,,,,,,,,,A,C,A,C+,,C+,B,B,A,,D+,,D+,,C+,,,D+,C+,2.71
2566,100282022,,,C,B+,,,,C+,,D,D+,D,B,D,C+,C+,,C,D,D+,,,,,,C,,A,,C,A,,,F,,C,C,,,,,,,,B+,B,C+,B,C,,C+,C+,B+,C,,D+,,F,D+,,,,C,D,2.26
2566,100282048,,,,B,B+,,,C,,C,C,D,C+,D,B,D+,,C,F,D,,C,,,C+,C,,A,,D+,A,,,D,,F,D,,,,,,,,,B+,C+,B+,D,,C,B,B,A,,C+,,F,,D,,,F,,2.31
2566,100282050,,,C+,,,,,,,D,B,D,B,,B,C,,C+,,B,C+,D+,,C+,,C,A,A,,C+,A,,,D,,C,C,,,,,,,,A,B+,C+,,,D+,B,A,A,A,,C+,,F,C+,D+,,,D,D,2.52
2566,100282057,,,B,,A,C+,,,,C,C+,C+,B,C,B,C,C+,C+,C+,C,,,,A,C+,D+,,,,A,A,,,B,,C,B,,,,,,,,B+,C+,C+,B,B,D+,B+,B,A,A,,B,,C,,C,,,D+,D+,2.68
2566,100282067,,,B+,,,,,,,B+,A,B+,A,B,B+,A,,B,B,B+,C,A,,,,B,,A,,B+,A,,,A,,B+,B,,,,,,,,A,B+,B,,B+,D+,A,A,A,A,,C+,,B,C+,A,,,C,C+,3.37
2566,100282069,,,B,B,,B+,,,,B,B+,B,B+,D+,B+,B,,C+,C+,B,,,,,B+,C+,,A,,B+,A,,,B,,B,B,,,,,,,,A,B,B,B,B,,B,A,A,A,,C+,,D+,,C+,,,C,C,3.02
2566,100282070,,A,B,,A,A,,,,B,B+,B,B+,C+,C+,B,,C+,C+,C+,,,,A,,C+,,,,A,A,,,A,,B,C+,,,,,,,,,B,B,B+,B,C,A,A,A,A,,B+,,C,,C,,,C,C+,3.12
2566,100282075,,A,B+,,A,B,,,,B+,B+,C+,A,B,B+,B,,A,D,C+,,,,A,B+,C+,,A,,B,A,,,A,,C,C,,,,,,,,,C+,B,B,A,C+,A,A,A,A,,C,,B,,C+,,,D+,C+,3.1
2566,100282127,,,B+,B+,,,,,,C+,A,B,B,C+,B+,B,,C+,D+,C,,,,,,C+,,A,,B+,A,,,D+,,C,C,,,C,,,,,A,B,B,B,A,D+,B+,A,A,A,,C+,,C,C+,C+,,,D,B,2.88
2566,100282140,,B+,C+,,C+,C+,,,,A,C,B,B,D+,C+,B,,A,C,C,,,,C+,C+,C,,A,,C+,A,,,C,,D,C+,,,,,,,,,B+,C+,,B,,B+,A,A,B+,,C,,C,,C+,,,D,D+,2.61
2566,100282141,,,B,B,,,,C,,D,B+,C,C+,D+,B+,B+,,C,C+,C,,,,,,D+,A,,,B,A,,,C+,,A,B+,,,,,,,,A,C+,C,B,B,D+,C+,B,A,B+,,C+,,D+,,C+,,,C+,D,2.72
2566,100282142,,,C+,,B+,C+,,,,C+,C+,C,A,C,B+,C,,A,D,C+,,,,A,B,C+,,,,B,A,,,D,,C,D+,,,,,,,,,B+,C+,C+,D+,C,C,A,A,A,,C,,D,,C+,,,D+,D+,2.53
2566,100282146,,,B,,,C,,,,,C+,C,B+,D,B+,A,,B,D+,D+,C+,,,C,B,D,,,,B+,A,,,C,,C+,A,,,,,,,,,D,C+,,,,B+,B+,C+,A,,C+,,,,C+,,,D+,D+,2.49
2566,100282150,,,,C+,,,,D+,,D+,C+,C,D+,D+,D+,D+,,C,D+,D+,,B,,,,D+,A,A,,,A,,,C+,A,D+,F,,,,,,,,A,C+,C,B,C,,C,D+,C+,A,,D+,,D,D+,,,,D+,D,2.19
2566,100282158,,,C+,B,,,,A,,C+,B+,B+,A,C,B+,A,,C,C,D+,,,,,,D,B+,,,B+,A,,,B+,,C,B,,,,,,,,A,C+,D+,B,B+,D,B,C+,B+,B+,,C+,,C,,C+,,,D+,C+,2.7
2566,100282167,,,B+,,,B+,,B,,B,B+,D+,C+,C,C+,A,,C,C+,D+,,,,,B,C+,,A,,C,A,,,C,,C+,B,,,,,,,,A,B,B,B,B,,B,B,A,B+,,C+,,C,,C+,,,C,D,2.79
2566,100282172,,,B,B,,A,,,,B,C+,C+,B,D+,B+,B,,C+,C,B,,,,,B,C+,A,A,,A,A,,,C,,C+,B+,,,,,,,,A,B,B,B,C+,,B,A,A,A,,C+,,D+,,C+,,,D+,D+,2.95
2566,100282177,,A,B,C+,,A,,A,,B,A,B,B,C,B,A,,C,C+,C,,,,,B+,C,,A,,B,A,,,C+,,C+,B+,,,,,,,,A,B,C+,B,,,B,B,A,A,,C,,C+,,B+,,,C,A,3.03
2566,100282178,,,B+,,,,,,,A,A,B+,A,B+,B,A,,A,A,B+,B,A,,A,,B+,A,,,B+,A,,,A,,A,C+,,,,,,,,A,A,B+,,,B,A,A,A,A,,C+,,C+,C+,A,,,C+,C+,3.54
2566,100282180,,,B+,,,A,,,,B,A,A,B,C,B+,A,D+,C,D+,D+,,A,,,B+,D,,A,,C+,A,,,B,,C+,A,,,C+,,,,,A,B,C,B,B+,,B+,C+,A,A,,C,,B,,A,,,D+,F,2.93
2566,100282183,,,B+,B+,,A,,A,,A,B+,B,B+,B+,B+,A,,B,A,B,,,,,A,C+,,A,,A,A,,,B,,B,B+,,,,,,,,,B,B,B,,,B,A,A,A,,C+,,B,,C+,,,C,C+,3.32
2566,100282184,,,,C+,B,,,C+,,B,B+,B,B,C,C+,A,,C,C,C,,,,,,C,,A,,C+,A,,,C,,C+,B+,,,C,,,,,,,C,B,A,,B,D+,B+,C+,,C,,D,C,A,,,C,C+,2.66
2566,100282185,,,B,,,C+,,,,,C,B,B,D,C+,C+,,C,F,D,B,,,C,,F,,,,B+,A,,,C,,C,C+,,,,,,,,B+,D+,C,A,,,C+,D+,C+,A,,C+,,,,C,,,D+,D,2.37
2566,100282190,,,C+,C+,,C,,,,D+,C,D+,B,D+,B,D,,C+,F,C,,,,,,C+,,A,,B+,A,,,F,,F,D,,,,,,,,A,C,D+,B+,D+,,C,B,B+,B+,,C+,,F,,D+,,,D,D,2.28
2566,100282214,,,B+,A,,,,,,B,A,B,B,C,B+,C,,C,C+,B,,,,,,C+,,A,,A,A,,,C+,,B,C,,,C,,,,,A,B,C,,B,D+,C+,A,A,A,,C,,C,B+,C+,,,C,C+,2.92
2566,100282216,,,B+,,C+,B,,,,B,B+,B,A,D+,C,C+,,A,F,C,,,,B,,D+,,A,,C+,A,,,C,,D,C+,,,,,,,,A,C+,C+,B,C+,,C+,A,B,A,,C,,D+,,C+,,,C,F,2.63
2566,100282232,,A,A,,A,A,,,,A,A,A,A,A,A,A,,A,A,A,A,,,A,,A,,A,,,A,,,A,,A,A,,,,,,,,,A,B,,A,A,A,A,A,A,,A,,A,,A,,,A,A,3.97
2566,100282234,,,,C,B+,,,D+,,B,B+,B,B,C,B+,B,,C,C,C,,,,,B+,C,,A,,B+,A,,,C+,,B,C+,,,B,,,,,,,C+,B+,C,,C+,C,A,C+,,C,,D+,C,B+,,,C+,C+,2.71
2566,100282249,,,C+,B,,,,B+,,C+,D+,C,B,D+,B,C+,,C,D+,D+,,,,,,C,,A,,B,A,,,C,,C,D+,,,,,,,,A,C,C+,B,,,C,C+,B+,A,,C+,,D+,C,C,,,D+,D+,2.46
2566,100282260,,A,C+,B,,C+,,,,D,C,C,B,D+,B,D+,,B,F,C,,,,,,C+,,A,,B+,A,,,D,,C,D+,,,,,,,,B+,D,C+,,D+,,C,B+,A,A,,C,,F,,D+,,,D,D,2.34
2566,100282276,,,,B,,,,A,,C,B,C,B,D+,C+,C,,C,D,C,,B,,,,C,B+,A,,B,A,,,C,,D+,C+,,,D,,,,,A,C+,B,,C,F,B,C+,B+,A,,C,,D+,,C+,,,D,F,2.41
2566,100282279,,,C,A,,,,,,C,C+,C+,B,D+,C,B,B+,C+,C,C,C+,,,,B,C,,,,B+,A,,,C+,,C+,C,,,C+,,,,,,B+,C+,A,C+,,B,B,B,A,,C,,D+,C,C+,,,D+,D+,2.6
2566,100282283,,,A,A,,,,,,C,A,B,C+,C+,B,D,,C+,F,C+,,,,,B,C+,,A,,A,A,,,C,,D+,D+,,,C,,,,,,B,C,C+,B,D,B,B+,A,A,,C+,,D+,B,C+,,,D+,D+,2.59
2566,100282291,,,C+,,B+,C,,,,C+,C+,C,B+,D+,C,C,,A,F,D+,,,,B+,C+,C+,,A,,C+,A,,,C,,D+,D+,,,,,,,,,C+,C+,,C+,C+,B+,A,B,A,,C,,C,,C,,,D+,D,2.47
2566,100282295,B+,,A,,,A,,,,A,A,A,A,A,A,A,,B+,A,A,A,,,,,B+,,,,,A,,,A,,A,A,,,B,,,,,,A,B,,A,A,A,A,A,A,,B+,,A,B,A,,,A,A,3.84
2566,100282300,,,C+,B,,,,,,,C,D+,B,D+,C+,D,D+,C,F,C,,,,,C,D+,A,,,A,A,,,D,,D,F,,,D,,,,,A,D+,B,,C,,C,B,C+,A,,C+,,,D+,D,,,D,D,2.07
2566,100282301,,,B,B,,C,,,,D+,B,C,B,D+,B+,D,,B,F,C+,,,,,,C,,A,,B+,A,,,D+,,D+,D,,,,,,,,A,D+,C+,,B,,C+,B+,A,A,,C+,,D,,D,,,D,C,2.44
2566,100282306,,,B+,B,,C+,,,,C,C+,B,B+,D+,B+,C,,C,D+,B,,,,,C+,C+,A,A,,A,A,,,C,,C,C,,,,,,,,A,D,C+,,C,,B,B+,A,A,,C+,,D+,,C,,,D+,D+,2.68
2566,100282310,,A,B,,A,A,,,,A,A,B+,A,A,B,A,,B,B,C+,A,,,A,A,C+,,A,,A,A,,,A,,A,B+,,,,,,,,,C+,A,B,A,B,A,B+,A,A,,B,,C+,,B,,,C+,C+,3.45
2566,100282312,,,,,,,,,,B,B,C+,B+,C,B+,C+,,C,D,C,,,,C,B+,C,,,,A,A,,,B+,,C,C+,,,,,,,,,C,D+,C+,B,,A,B,B+,B+,,B,,C,C+,C+,,,D+,C+,2.59
2566,100282316,,,B+,C,,,,A,,A,A,A,A,C+,A,A,B,C,A,B,A,,,,A,C+,,,,B+,A,,,B+,,B,A,,,C+,,,,,,B,B,A,,B,B+,A,A,A,,C+,,C,C,B,,,D+,A,3.28
2566,100282328,,A,B,B,,A,,,,A,B+,B,B+,C+,B+,A,,B,C+,B,,,,,,C+,A,A,,A,A,,,C+,,A,A,,,,,,,,A,C+,C,,B,,B,B+,A,A,,C+,,C,,C,,,C+,C+,3.22
2566,100282334,,,B,,,,,,,D+,B+,C+,B+,D+,B,D,,C,C,C+,,,,B+,B+,C+,B+,A,,B,A,,,C+,,B+,C+,,,,,,,,A,C,C,C+,C+,,C+,B+,A,B+,,C,,D,C+,C+,,,D+,D+,2.56
2566,100282344,,,B,B+,,C,,D+,,D+,B+,C,B+,D+,C,D,,C+,D,C+,,,,,,C+,,A,,A,A,,,C+,,D+,D+,,,D+,,,,,,D+,C,C+,,,C+,B+,A,A,,B,,D,,D+,,,D,D+,2.34
2566,100282356,,,B,,,,,C,,B+,A,C,B,C+,A,B+,,C+,A,C,,,,A,,C+,A,,,A,A,,,A,,A,C,,,,,,,,A,B+,C+,C+,A,B+,A,B+,A,A,,B,,C,,C,,,C+,B,3.19
2566,100282359,,A,B+,B,,C+,,D,,C+,C+,B,B+,D+,B+,C,,C+,D+,C,,,,,C+,C+,A,A,,A,A,,,D,,D+,C,,,,,,,,A,C,B,,,,C+,B+,B+,A,,C+,,C,,C+,,,C,C,2.68
2566,100282360,,C,B,,B,B,,,,C,C+,B,B+,C+,C,A,,A,D,C,,,,A,C,C,,A,,C+,A,,,D+,,D+,C,,,,,,,,,C+,C,C+,B,,B,C+,A,A,,C,,C,,C+,,,D,D+,2.52
